mean_intensity,std_intensity,min_intensity,max_intensity,dark_pixel_ratio,bright_pixel_ratio,hist_0,hist_1,hist_2,hist_3,hist_4,hist_5,hist_6,hist_7,hist_8,hist_9,hist_10,hist_11,hist_12,hist_13,hist_14,hist_15,edge_pixel_count,edge_density,label
122.26397705078125,33.070752030262774,27,247,0.005859375,0.01446533203125,0.0,3.0,70.0,366.0,1115.0,1998.0,2885.0,3062.0,2696.0,1981.0,1163.0,629.0,292.0,101.0,19.0,4.0,5580,0.340576171875,1
131.565185546875,25.482183935253737,13,252,0.00341796875,0.00445556640625,3.0,12.0,35.0,113.0,301.0,854.0,1907.0,3488.0,4438.0,3400.0,1211.0,447.0,137.0,32.0,3.0,3.0,4579,0.27947998046875,1
121.07635498046875,31.13048971879179,4,237,0.01422119140625,0.010498046875,17.0,54.0,135.0,357.0,764.0,1585.0,2949.0,4294.0,3034.0,1401.0,889.0,550.0,271.0,73.0,11.0,0.0,4303,0.26263427734375,1
130.30914306640625,27.28267642673459,8,251,0.002197265625,0.006591796875,1.0,2.0,25.0,123.0,421.0,1127.0,2280.0,3295.0,3858.0,3120.0,1456.0,480.0,132.0,41.0,13.0,10.0,5507,0.33612060546875,1
130.9932861328125,27.63956203513905,20,252,0.00335693359375,0.00775146484375,0.0,7.0,42.0,144.0,388.0,1022.0,2142.0,3308.0,4027.0,3065.0,1502.0,507.0,146.0,43.0,22.0,19.0,5218,0.3184814453125,1
136.0408935546875,28.33828696977373,1,252,0.00726318359375,0.00982666015625,24.0,27.0,58.0,147.0,305.0,691.0,1478.0,2795.0,4156.0,3788.0,1949.0,653.0,201.0,60.0,23.0,29.0,5002,0.3052978515625,1
129.529052734375,24.374679699040414,17,251,0.00225830078125,0.0064697265625,0.0,8.0,28.0,90.0,363.0,951.0,1964.0,3545.0,4864.0,3368.0,907.0,156.0,54.0,30.0,33.0,23.0,4379,0.26727294921875,1
123.3048095703125,23.995655659721166,11,251,0.0028076171875,0.00616455078125,2.0,6.0,31.0,169.0,488.0,1225.0,2562.0,4556.0,4575.0,2132.0,441.0,78.0,35.0,26.0,26.0,32.0,4234,0.2584228515625,1
125.0224609375,22.25990021576156,18,249,0.001953125,0.00421142578125,0.0,4.0,21.0,133.0,365.0,996.0,2347.0,4548.0,5107.0,2333.0,382.0,49.0,47.0,15.0,20.0,17.0,3641,0.22222900390625,1
128.8834228515625,30.737259708338303,11,251,0.01019287109375,0.00714111328125,3.0,24.0,105.0,308.0,651.0,1209.0,1965.0,3037.0,3766.0,2989.0,1511.0,605.0,132.0,36.0,22.0,21.0,4806,0.2933349609375,1
125.1038818359375,26.79512019709302,18,251,0.00543212890625,0.00396728515625,0.0,12.0,64.0,221.0,555.0,1194.0,2457.0,4254.0,3922.0,2229.0,1019.0,324.0,87.0,23.0,10.0,13.0,4423,0.26995849609375,1
125.27789306640625,24.893265505623948,11,250,0.00506591796875,0.0028076171875,2.0,10.0,55.0,165.0,432.0,1114.0,2409.0,4392.0,4420.0,2208.0,823.0,277.0,42.0,17.0,7.0,11.0,3647,0.22259521484375,1
126.513916015625,24.69688659956345,27,247,0.003173828125,0.00360107421875,0.0,4.0,36.0,131.0,451.0,1123.0,2416.0,3788.0,4545.0,2737.0,871.0,205.0,30.0,24.0,16.0,7.0,4486,0.2738037109375,1
122.79595947265625,27.450102205921656,9,252,0.0076904296875,0.00543212890625,3.0,26.0,75.0,230.0,607.0,1430.0,2835.0,4188.0,3690.0,1936.0,915.0,290.0,95.0,34.0,12.0,18.0,4665,0.28472900390625,1
120.2645263671875,23.285074065558877,17,249,0.00103759765625,0.00341796875,0.0,5.0,10.0,80.0,385.0,1639.0,3794.0,4764.0,3314.0,1583.0,536.0,189.0,40.0,26.0,12.0,7.0,2521,0.15386962890625,1
129.256103515625,27.408242459874813,19,249,0.0029296875,0.00408935546875,0.0,12.0,28.0,142.0,511.0,1177.0,2176.0,3411.0,3932.0,2920.0,1489.0,451.0,84.0,26.0,19.0,6.0,5434,0.3316650390625,1
130.12176513671875,29.300120735364704,7,252,0.00860595703125,0.00604248046875,10.0,32.0,79.0,238.0,534.0,1044.0,1956.0,3136.0,3835.0,3258.0,1556.0,521.0,124.0,35.0,14.0,12.0,5296,0.3232421875,1
123.40814208984375,25.3580798077931,25,252,0.001953125,0.00823974609375,0.0,2.0,22.0,127.0,457.0,1351.0,2933.0,4699.0,3896.0,1749.0,706.0,250.0,94.0,43.0,24.0,31.0,3606,0.2200927734375,1
126.1427001953125,25.068512525636773,26,248,0.00250244140625,0.0030517578125,0.0,4.0,25.0,140.0,404.0,1145.0,2575.0,4234.0,4052.0,2377.0,1042.0,288.0,68.0,11.0,12.0,7.0,4562,0.2784423828125,1
124.78314208984375,24.502461840007452,17,249,0.00274658203125,0.00262451171875,0.0,11.0,28.0,121.0,380.0,1145.0,2939.0,4409.0,3914.0,2218.0,885.0,242.0,63.0,9.0,14.0,6.0,3749,0.22882080078125,1
128.03338623046875,24.32664316112113,19,247,0.00201416015625,0.0020751953125,0.0,8.0,19.0,89.0,356.0,1023.0,2448.0,3816.0,4290.0,2951.0,1071.0,252.0,36.0,13.0,5.0,7.0,4030,0.2459716796875,1
129.48095703125,21.111378713704752,8,233,0.00189208984375,0.001953125,1.0,3.0,20.0,80.0,238.0,753.0,1796.0,3947.0,5543.0,3198.0,653.0,103.0,30.0,14.0,5.0,0.0,3348,0.204345703125,1
130.8656005859375,19.028292906567437,22,245,0.0009765625,0.00128173828125,0.0,1.0,9.0,50.0,196.0,527.0,1559.0,3708.0,6348.0,3421.0,472.0,65.0,11.0,12.0,4.0,1.0,1824,0.111328125,1
125.5467529296875,21.449059308469757,14,249,0.0020751953125,0.00616455078125,2.0,6.0,23.0,85.0,263.0,906.0,2299.0,4709.0,5517.0,2051.0,315.0,82.0,44.0,41.0,24.0,17.0,1770,0.1080322265625,1
126.304931640625,18.512342406676844,38,249,0.00018310546875,0.002197265625,0.0,0.0,3.0,18.0,112.0,622.0,2385.0,5532.0,5231.0,1898.0,451.0,86.0,17.0,9.0,9.0,11.0,2671,0.16302490234375,1
115.20892333984375,19.822235284714985,35,249,0.00067138671875,0.00213623046875,0.0,0.0,8.0,66.0,470.0,1906.0,4475.0,5401.0,2927.0,894.0,154.0,45.0,9.0,15.0,9.0,5.0,3028,0.184814453125,1
113.00732421875,18.738868963405842,15,247,0.0010986328125,0.001220703125,1.0,1.0,11.0,95.0,475.0,1981.0,5030.0,5700.0,2270.0,626.0,142.0,27.0,7.0,7.0,6.0,5.0,2463,0.15032958984375,1
116.24615478515625,20.33233145154137,32,248,0.0006103515625,0.00177001953125,0.0,0.0,7.0,81.0,498.0,1789.0,4079.0,5483.0,3179.0,989.0,200.0,43.0,12.0,8.0,6.0,10.0,3483,0.21258544921875,1
116.20843505859375,21.025310259912164,2,251,0.00457763671875,0.00372314453125,17.0,11.0,39.0,118.0,407.0,1507.0,4236.0,5889.0,3032.0,788.0,162.0,91.0,43.0,21.0,11.0,12.0,2691,0.16424560546875,1
111.67742919921875,19.98989950839741,14,253,0.003173828125,0.00311279296875,1.0,4.0,36.0,147.0,574.0,2114.0,5368.0,5245.0,2143.0,557.0,108.0,27.0,17.0,11.0,14.0,18.0,2824,0.17236328125,1
118.09112548828125,22.11101052592162,35,244,0.00128173828125,0.001708984375,0.0,0.0,12.0,143.0,521.0,1619.0,3657.0,5428.0,3275.0,1134.0,402.0,130.0,48.0,10.0,4.0,1.0,3797,0.23175048828125,1
119.27618408203125,26.721654706679164,8,245,0.0072021484375,0.00335693359375,3.0,18.0,74.0,275.0,774.0,1742.0,3216.0,4149.0,3346.0,1816.0,666.0,210.0,59.0,20.0,15.0,1.0,5286,0.3226318359375,1
119.85540771484375,27.677872088095565,18,243,0.0059814453125,0.00250244140625,0.0,16.0,69.0,286.0,953.0,1817.0,2912.0,3720.0,3393.0,2081.0,855.0,210.0,45.0,19.0,7.0,1.0,5589,0.34112548828125,1
119.811279296875,24.18453540302717,12,249,0.00457763671875,0.00201416015625,1.0,4.0,56.0,174.0,600.0,1595.0,3246.0,4576.0,3718.0,1694.0,531.0,126.0,38.0,11.0,7.0,7.0,4189,0.25567626953125,1
124.057373046875,25.180076630438247,21,249,0.00372314453125,0.0015869140625,0.0,9.0,42.0,137.0,519.0,1327.0,2873.0,4031.0,3935.0,2343.0,845.0,257.0,48.0,13.0,3.0,2.0,4518,0.2757568359375,1
110.3853759765625,39.305803794340456,10,251,0.05078125,0.0054931640625,2.0,49.0,625.0,1593.0,1908.0,2031.0,2229.0,2214.0,2071.0,1688.0,1146.0,595.0,177.0,45.0,7.0,4.0,6159,0.37591552734375,1
117.60308837890625,26.07613304504733,11,248,0.00726318359375,0.00457763671875,3.0,20.0,79.0,253.0,727.0,1854.0,3627.0,4408.0,3083.0,1465.0,572.0,185.0,62.0,32.0,8.0,6.0,4827,0.29461669921875,1
125.0208740234375,31.06756401782586,5,254,0.01141357421875,0.01055908203125,8.0,36.0,111.0,283.0,730.0,1490.0,2597.0,3377.0,3322.0,2473.0,1232.0,448.0,150.0,57.0,49.0,21.0,5167,0.31536865234375,1
132.68572998046875,33.436739571951094,4,251,0.01995849609375,0.01336669921875,31.0,87.0,176.0,365.0,638.0,885.0,1314.0,2487.0,3941.0,3457.0,1926.0,729.0,201.0,78.0,50.0,19.0,4370,0.2667236328125,1
126.59552001953125,30.878001213382987,3,248,0.01324462890625,0.009033203125,14.0,39.0,129.0,363.0,630.0,1250.0,2274.0,3294.0,3543.0,2834.0,1345.0,429.0,146.0,58.0,27.0,9.0,4083,0.24920654296875,1
122.770751953125,36.36593373941131,2,253,0.02679443359375,0.01904296875,26.0,91.0,271.0,531.0,1116.0,1615.0,2176.0,2802.0,3187.0,2384.0,1204.0,521.0,235.0,105.0,68.0,52.0,5391,0.32904052734375,1
113.3114013671875,28.569748753479637,7,253,0.01531982421875,0.00787353515625,9.0,46.0,159.0,422.0,1072.0,2212.0,3842.0,4085.0,2636.0,1121.0,449.0,168.0,47.0,40.0,33.0,43.0,4633,0.28277587890625,1
117.5057373046875,30.58632509003039,10,247,0.0126953125,0.00616455078125,5.0,33.0,141.0,388.0,1038.0,2200.0,3322.0,3400.0,2716.0,1701.0,911.0,339.0,124.0,44.0,14.0,8.0,5537,0.33795166015625,1
114.60955810546875,30.48374965641983,10,250,0.0106201171875,0.008544921875,4.0,27.0,120.0,391.0,1183.0,2589.0,3677.0,3497.0,2306.0,1316.0,673.0,372.0,133.0,54.0,28.0,14.0,5517,0.33673095703125,1
126.083251953125,34.03436736426488,2,254,0.0194091796875,0.0146484375,29.0,77.0,179.0,372.0,746.0,1389.0,2323.0,3263.0,3132.0,2401.0,1435.0,631.0,250.0,93.0,39.0,25.0,5689,0.34722900390625,1
118.664306640625,34.400792602034024,4,251,0.01861572265625,0.015625,26.0,82.0,164.0,463.0,1106.0,2128.0,3127.0,3163.0,2550.0,1689.0,1021.0,473.0,213.0,94.0,63.0,22.0,5291,0.32293701171875,1
122.73553466796875,29.7593569841098,6,251,0.00970458984375,0.01019287109375,8.0,39.0,98.0,208.0,633.0,1865.0,2872.0,3667.0,3355.0,1969.0,956.0,448.0,166.0,75.0,20.0,5.0,5058,0.3087158203125,1
126.119873046875,35.84666898510422,1,249,0.0164794921875,0.0224609375,22.0,61.0,156.0,411.0,884.0,1617.0,2457.0,2883.0,2814.0,2305.0,1372.0,788.0,376.0,177.0,49.0,12.0,5779,0.35272216796875,1
124.94720458984375,33.697562464704106,1,255,0.01519775390625,0.01483154296875,29.0,69.0,126.0,318.0,801.0,1677.0,2550.0,3139.0,3015.0,2305.0,1270.0,662.0,267.0,113.0,33.0,10.0,5708,0.348388671875,1
136.689208984375,32.36285615870908,2,254,0.0118408203125,0.0272216796875,55.0,54.0,72.0,164.0,325.0,673.0,1638.0,2965.0,3862.0,3082.0,1886.0,887.0,417.0,182.0,90.0,32.0,5658,0.3453369140625,1
131.894775390625,31.691319913498504,1,253,0.01239013671875,0.0205078125,25.0,51.0,105.0,184.0,385.0,1011.0,2040.0,3350.0,3744.0,2742.0,1439.0,763.0,316.0,159.0,51.0,19.0,5682,0.3468017578125,1
130.47369384765625,29.123483419776107,2,250,0.01214599609375,0.0145263671875,16.0,63.0,98.0,169.0,325.0,760.0,2050.0,4014.0,4139.0,2546.0,1228.0,546.0,274.0,105.0,44.0,7.0,5275,0.32196044921875,1
136.73162841796875,30.717552838361843,17,254,0.00579833984375,0.02899169921875,0.0,11.0,68.0,168.0,376.0,673.0,1506.0,3184.0,4159.0,2972.0,1631.0,868.0,473.0,209.0,70.0,16.0,5534,0.3377685546875,1
130.055908203125,30.434685272435434,4,252,0.01116943359375,0.02008056640625,13.0,42.0,109.0,186.0,447.0,886.0,2071.0,3943.0,4006.0,2358.0,1202.0,589.0,328.0,152.0,39.0,13.0,5572,0.340087890625,1
128.0596923828125,29.38994759823921,4,250,0.00836181640625,0.014892578125,7.0,33.0,81.0,186.0,429.0,1075.0,2369.0,4259.0,3697.0,2141.0,1095.0,552.0,305.0,123.0,29.0,3.0,5631,0.34368896484375,1
130.273681640625,30.518335864616247,7,254,0.0093994140625,0.0162353515625,4.0,29.0,103.0,204.0,439.0,916.0,2142.0,3933.0,3839.0,2257.0,1328.0,730.0,276.0,101.0,42.0,41.0,5422,0.3309326171875,1
131.06744384765625,36.88379171755708,2,253,0.015625,0.0413818359375,28.0,55.0,144.0,305.0,596.0,1251.0,2392.0,3158.0,2887.0,2193.0,1425.0,936.0,559.0,291.0,121.0,43.0,6166,0.3763427734375,1
129.587646484375,38.20836663591368,2,252,0.0172119140625,0.04156494140625,29.0,71.0,148.0,365.0,764.0,1485.0,2326.0,2960.0,2770.0,2068.0,1428.0,931.0,569.0,298.0,134.0,38.0,6127,0.37396240234375,1
134.2879638671875,32.45686119343558,8,246,0.01043701171875,0.02447509765625,5.0,43.0,101.0,205.0,453.0,862.0,1893.0,3150.0,3613.0,2761.0,1681.0,907.0,469.0,188.0,48.0,5.0,5908,0.360595703125,1
133.79315185546875,29.264659362028677,16,247,0.00439453125,0.0135498046875,0.0,13.0,45.0,134.0,435.0,912.0,1821.0,3189.0,3970.0,3030.0,1582.0,803.0,324.0,94.0,26.0,6.0,5797,0.35382080078125,1
132.8717041015625,34.623547748853404,4,253,0.0135498046875,0.02838134765625,22.0,65.0,119.0,239.0,524.0,1063.0,2104.0,3069.0,3221.0,2543.0,1642.0,944.0,547.0,196.0,71.0,15.0,6030,0.3680419921875,1
131.81982421875,36.055138744039155,4,245,0.016357421875,0.0284423828125,8.0,65.0,164.0,382.0,651.0,1147.0,2024.0,2790.0,3121.0,2578.0,1616.0,1043.0,507.0,202.0,75.0,11.0,5963,0.36395263671875,1
125.64752197265625,29.9189328671363,11,251,0.00775146484375,0.0152587890625,4.0,31.0,75.0,193.0,423.0,1270.0,3211.0,4171.0,3068.0,1887.0,1053.0,534.0,313.0,107.0,32.0,12.0,5606,0.3421630859375,1
126.17352294921875,28.352938829588297,13,254,0.004150390625,0.01177978515625,2.0,20.0,41.0,116.0,367.0,1201.0,3286.0,4171.0,3299.0,1914.0,1019.0,575.0,253.0,90.0,24.0,6.0,5730,0.3497314453125,1
132.57537841796875,34.974407240782575,1,253,0.014892578125,0.02618408203125,38.0,63.0,122.0,246.0,531.0,1161.0,1992.0,2985.0,3290.0,2539.0,1591.0,1043.0,505.0,203.0,56.0,19.0,6123,0.37371826171875,1
138.54608154296875,33.49383324955819,2,252,0.01318359375,0.03057861328125,57.0,67.0,79.0,148.0,334.0,745.0,1544.0,2689.0,3532.0,3065.0,2070.0,1188.0,564.0,228.0,65.0,9.0,5986,0.3653564453125,1
136.7159423828125,35.055116685034264,4,249,0.015380859375,0.0330810546875,36.0,91.0,106.0,227.0,419.0,891.0,1660.0,2660.0,3414.0,2868.0,1914.0,1173.0,592.0,253.0,72.0,8.0,6124,0.373779296875,1
140.64239501953125,38.29739598312267,1,255,0.01922607421875,0.0574951171875,109.0,85.0,103.0,201.0,397.0,728.0,1474.0,2430.0,3231.0,2954.0,1964.0,1263.0,760.0,398.0,203.0,84.0,6177,0.37701416015625,1
128.74151611328125,32.44076099104278,2,253,0.00787353515625,0.02447509765625,12.0,30.0,69.0,215.0,548.0,1260.0,2550.0,3750.0,3302.0,2023.0,1244.0,738.0,381.0,179.0,60.0,23.0,5919,0.36126708984375,1
138.76629638671875,35.85029002977236,1,252,0.015869140625,0.046142578125,73.0,66.0,96.0,184.0,348.0,752.0,1550.0,2850.0,3471.0,2804.0,1805.0,1159.0,715.0,345.0,137.0,29.0,6080,0.37109375,1
139.41943359375,34.66394862460849,2,250,0.01849365234375,0.03875732421875,59.0,81.0,135.0,209.0,316.0,621.0,1292.0,2605.0,3770.0,3130.0,1955.0,1139.0,684.0,298.0,76.0,14.0,5841,0.35650634765625,1
140.75738525390625,34.6206586134792,2,253,0.0147705078125,0.0452880859375,57.0,71.0,103.0,159.0,275.0,595.0,1309.0,2814.0,3587.0,3041.0,1963.0,1219.0,700.0,353.0,111.0,27.0,5952,0.36328125,1
135.58905029296875,37.590897384061904,1,249,0.019775390625,0.0438232421875,52.0,94.0,147.0,297.0,564.0,947.0,1684.0,2720.0,3125.0,2753.0,1731.0,1154.0,650.0,336.0,108.0,22.0,6174,0.3768310546875,1
141.99407958984375,40.18096912582062,1,252,0.02508544921875,0.06927490234375,77.0,140.0,162.0,270.0,436.0,751.0,1288.0,2105.0,2982.0,2934.0,2228.0,1304.0,928.0,495.0,226.0,58.0,6168,0.37646484375,1
138.5074462890625,33.92279900316348,1,246,0.01678466796875,0.0269775390625,21.0,73.0,159.0,219.0,432.0,695.0,1362.0,2408.0,3529.0,3388.0,2104.0,1164.0,581.0,197.0,47.0,5.0,5971,0.36444091796875,1
140.58331298828125,35.27569663115345,2,250,0.0181884765625,0.03521728515625,29.0,100.0,151.0,258.0,401.0,678.0,1195.0,2167.0,3289.0,3469.0,2361.0,1296.0,631.0,285.0,62.0,12.0,5951,0.36322021484375,1
139.775146484375,35.247054294001984,1,253,0.02032470703125,0.0325927734375,61.0,97.0,145.0,238.0,399.0,647.0,1260.0,2277.0,3360.0,3424.0,2287.0,1243.0,639.0,235.0,63.0,9.0,5849,0.35699462890625,1
143.5860595703125,34.935750054010505,1,253,0.021240234375,0.05059814453125,130.0,84.0,119.0,123.0,202.0,360.0,926.0,2334.0,4031.0,3448.0,2098.0,1257.0,729.0,354.0,148.0,41.0,5809,0.35455322265625,1
140.62078857421875,38.013758495116285,0,253,0.02972412109375,0.04736328125,143.0,146.0,170.0,255.0,356.0,563.0,972.0,2159.0,3670.0,3399.0,2008.0,1275.0,765.0,356.0,126.0,21.0,5768,0.35205078125,1
131.8349609375,31.51599270668047,1,252,0.01251220703125,0.0238037109375,44.0,56.0,86.0,162.0,311.0,822.0,2177.0,3832.0,3818.0,2338.0,1355.0,739.0,382.0,182.0,60.0,20.0,5655,0.34515380859375,1
123.68072509765625,32.62825212122084,1,249,0.00872802734375,0.02191162109375,18.0,30.0,80.0,250.0,619.0,1717.0,3428.0,3802.0,2576.0,1636.0,1017.0,617.0,366.0,160.0,54.0,14.0,5871,0.35833740234375,1
123.0447998046875,31.699710569720704,2,251,0.01092529296875,0.016845703125,25.0,60.0,79.0,179.0,546.0,1721.0,3621.0,3856.0,2495.0,1646.0,1069.0,613.0,305.0,136.0,25.0,8.0,5888,0.359375,1
145.8021240234375,35.86656763895121,1,253,0.0196533203125,0.06024169921875,118.0,84.0,104.0,151.0,219.0,362.0,797.0,2120.0,3826.0,3502.0,2180.0,1381.0,858.0,434.0,175.0,73.0,5717,0.34893798828125,1
136.39544677734375,31.652429222018366,3,249,0.01409912109375,0.0299072265625,47.0,73.0,95.0,141.0,222.0,477.0,1514.0,3842.0,4014.0,2635.0,1558.0,931.0,534.0,236.0,61.0,4.0,5839,0.35638427734375,1
136.7574462890625,32.15986003366324,2,244,0.01422119140625,0.0269775390625,37.0,64.0,109.0,176.0,307.0,560.0,1443.0,3426.0,3941.0,2765.0,1727.0,1060.0,511.0,206.0,50.0,2.0,5681,0.34674072265625,1
130.45513916015625,32.80778893569023,4,251,0.0108642578125,0.02398681640625,9.0,32.0,114.0,237.0,489.0,1048.0,2372.0,3750.0,3203.0,2200.0,1362.0,859.0,489.0,172.0,44.0,4.0,5790,0.3533935546875,1
134.38861083984375,33.805115148871145,2,249,0.0120849609375,0.03497314453125,18.0,70.0,95.0,223.0,387.0,815.0,1876.0,3527.0,3606.0,2411.0,1428.0,976.0,591.0,278.0,73.0,10.0,5964,0.364013671875,1
123.65399169921875,34.515854421967404,3,255,0.01409912109375,0.022705078125,15.0,58.0,125.0,342.0,817.0,1785.0,2969.0,3361.0,2722.0,1833.0,1067.0,702.0,350.0,163.0,52.0,23.0,6072,0.37060546875,1
120.663818359375,30.78499373601336,8,252,0.00640869140625,0.013671875,5.0,28.0,60.0,210.0,624.0,2073.0,4015.0,3709.0,2328.0,1388.0,919.0,601.0,297.0,96.0,26.0,5.0,5881,0.35894775390625,1
130.06597900390625,35.123162968998464,2,250,0.0118408203125,0.0281982421875,22.0,59.0,93.0,244.0,608.0,1395.0,2512.0,3198.0,2773.0,2144.0,1596.0,951.0,513.0,206.0,63.0,7.0,6086,0.3714599609375,1
121.910400390625,29.056088073527075,3,249,0.0054931640625,0.01312255859375,7.0,28.0,44.0,144.0,387.0,1772.0,4144.0,4155.0,2431.0,1489.0,885.0,512.0,249.0,104.0,29.0,4.0,5632,0.34375,1
135.0986328125,40.56019516378772,1,254,0.02740478515625,0.05120849609375,87.0,114.0,216.0,337.0,644.0,1090.0,1705.0,2439.0,2863.0,2639.0,1854.0,1156.0,648.0,344.0,154.0,94.0,6294,0.3841552734375,1
130.39276123046875,48.733117307459,1,253,0.0589599609375,0.08251953125,173.0,312.0,416.0,620.0,911.0,1308.0,1734.0,2187.0,2319.0,1951.0,1532.0,1086.0,818.0,572.0,339.0,106.0,6287,0.38372802734375,1
141.5650634765625,40.04350405420747,1,253,0.0272216796875,0.0614013671875,113.0,126.0,178.0,246.0,424.0,715.0,1307.0,2258.0,2882.0,2907.0,2201.0,1446.0,880.0,464.0,186.0,51.0,6180,0.377197265625,1
143.56610107421875,37.95871975003964,1,254,0.02337646484375,0.0538330078125,100.0,117.0,148.0,217.0,379.0,618.0,1055.0,1937.0,2987.0,3405.0,2566.0,1457.0,819.0,371.0,162.0,46.0,5948,0.363037109375,1
144.3790283203125,40.55159100263393,0,254,0.0302734375,0.06268310546875,133.0,134.0,197.0,279.0,375.0,629.0,1033.0,1734.0,2764.0,3242.0,2571.0,1672.0,912.0,447.0,190.0,72.0,5982,0.3651123046875,1
131.87310791015625,31.462262698050324,3,252,0.00665283203125,0.0157470703125,8.0,21.0,69.0,145.0,382.0,1268.0,2415.0,3194.0,3089.0,2680.0,1714.0,899.0,348.0,105.0,36.0,11.0,5840,0.3564453125,1
132.3243408203125,26.597353573142932,33,248,0.0010986328125,0.005859375,0.0,0.0,14.0,66.0,214.0,962.0,2347.0,3643.0,3657.0,2906.0,1669.0,690.0,156.0,25.0,21.0,14.0,5665,0.34576416015625,1
129.53900146484375,29.38416483326079,20,253,0.0025634765625,0.0030517578125,0.0,2.0,32.0,150.0,531.0,1374.0,2436.0,3295.0,3247.0,2518.0,1848.0,785.0,134.0,21.0,9.0,2.0,5916,0.361083984375,1
134.18524169921875,29.50685664928517,22,252,0.001953125,0.00628662109375,0.0,5.0,16.0,187.0,397.0,993.0,2076.0,2983.0,3241.0,3060.0,2239.0,942.0,189.0,42.0,11.0,3.0,5733,0.34991455078125,1
134.18524169921875,29.50685664928517,22,252,0.001953125,0.00628662109375,0.0,5.0,16.0,187.0,397.0,993.0,2076.0,2983.0,3241.0,3060.0,2239.0,942.0,189.0,42.0,11.0,3.0,5733,0.34991455078125,1
172.397216796875,24.052497557180114,82,247,0.0,0.12847900390625,0.0,0.0,0.0,0.0,0.0,6.0,61.0,371.0,1572.0,3023.0,3935.0,3699.0,2483.0,1031.0,186.0,17.0,5197,0.31719970703125,1
127.62127685546875,19.46518361020556,65,231,0.0,0.00140380859375,0.0,0.0,0.0,0.0,45.0,549.0,2926.0,4842.0,4648.0,2509.0,708.0,118.0,23.0,13.0,3.0,0.0,4387,0.26776123046875,1
128.2174072265625,18.651671855468837,64,229,0.0,0.00164794921875,0.0,0.0,0.0,0.0,16.0,409.0,2649.0,5243.0,4833.0,2360.0,681.0,145.0,36.0,6.0,6.0,0.0,3377,0.20611572265625,1
129.09967041015625,22.399719888053188,48,235,6.103515625e-05,0.00177001953125,0.0,0.0,0.0,6.0,111.0,814.0,2851.0,4190.0,4090.0,2843.0,1139.0,275.0,50.0,7.0,8.0,0.0,5261,0.32110595703125,1
149.24383544921875,33.50115224866972,62,248,0.0,0.07464599609375,0.0,0.0,0.0,3.0,117.0,686.0,1465.0,2251.0,2800.0,2943.0,2442.0,1783.0,1099.0,561.0,209.0,25.0,5856,0.357421875,1
151.26171875,35.38318056878276,60,249,0.0,0.09112548828125,0.0,0.0,0.0,7.0,175.0,825.0,1386.0,2061.0,2480.0,2653.0,2448.0,2016.0,1399.0,688.0,228.0,18.0,5942,0.3626708984375,1
154.70501708984375,32.60424364012198,66,250,0.0,0.0869140625,0.0,0.0,0.0,0.0,50.0,431.0,1152.0,1979.0,2575.0,2971.0,2768.0,2146.0,1372.0,698.0,210.0,32.0,5666,0.3458251953125,1
152.908203125,36.91452788851806,54,253,0.0,0.10443115234375,0.0,0.0,0.0,19.0,265.0,907.0,1313.0,1761.0,2302.0,2531.0,2521.0,2088.0,1511.0,884.0,259.0,23.0,6062,0.3699951171875,1
149.17291259765625,34.29142106639944,57,248,0.0,0.07281494140625,0.0,0.0,0.0,4.0,183.0,822.0,1457.0,2077.0,2653.0,2906.0,2500.0,1860.0,1134.0,576.0,192.0,20.0,5952,0.36328125,1
136.873779296875,45.41963155551562,29,253,0.01953125,0.08831787109375,0.0,3.0,251.0,695.0,971.0,1372.0,1757.0,2030.0,1908.0,1992.0,1725.0,1510.0,1181.0,683.0,273.0,33.0,5947,0.36297607421875,1
137.31536865234375,43.51654193531065,30,253,0.0150146484375,0.08001708984375,0.0,1.0,190.0,539.0,896.0,1393.0,1912.0,2055.0,2079.0,2009.0,1773.0,1510.0,1127.0,649.0,227.0,24.0,5868,0.358154296875,1
130.32196044921875,47.701911180147384,25,253,0.04241943359375,0.0767822265625,0.0,16.0,568.0,933.0,1245.0,1494.0,1719.0,1904.0,1877.0,1774.0,1655.0,1322.0,1011.0,584.0,252.0,30.0,6132,0.374267578125,1
133.31744384765625,16.124765272312615,68,246,0.0,0.0003662109375,0.0,0.0,0.0,0.0,15.0,141.0,1197.0,4492.0,6277.0,3449.0,710.0,88.0,9.0,3.0,1.0,2.0,1621,0.09893798828125,1
183.010986328125,16.34673360684312,105,252,0.0,0.13348388671875,0.0,0.0,0.0,0.0,0.0,0.0,1.0,19.0,184.0,1055.0,3736.0,6458.0,3951.0,880.0,93.0,7.0,1899,0.11590576171875,1
172.05133056640625,28.435574530231644,61,253,0.0,0.158447265625,0.0,0.0,0.0,1.0,18.0,70.0,246.0,702.0,1509.0,2696.0,3616.0,3479.0,2225.0,1243.0,542.0,37.0,5303,0.32366943359375,1
168.27581787109375,29.265608919343435,53,254,0.0,0.13177490234375,0.0,0.0,0.0,5.0,23.0,145.0,407.0,922.0,1678.0,2809.0,3462.0,3332.0,2249.0,1032.0,272.0,48.0,5784,0.35302734375,1
123.3094482421875,56.364362421306666,20,253,0.13470458984375,0.09307861328125,0.0,98.0,1901.0,1425.0,1207.0,1178.0,1235.0,1352.0,1401.0,1499.0,1442.0,1452.0,1149.0,726.0,278.0,41.0,6114,0.3731689453125,1
128.40374755859375,55.60316032918024,24,250,0.11181640625,0.09930419921875,0.0,80.0,1539.0,1349.0,1124.0,1082.0,1178.0,1325.0,1493.0,1644.0,1607.0,1566.0,1257.0,792.0,310.0,38.0,6049,0.36920166015625,1
131.11785888671875,53.87745121495207,18,254,0.10137939453125,0.09088134765625,0.0,273.0,1251.0,972.0,1005.0,1097.0,1238.0,1357.0,1598.0,1768.0,1849.0,1697.0,1287.0,727.0,239.0,26.0,6049,0.36920166015625,1
148.92559814453125,44.79167020479362,32,252,0.00341796875,0.13006591796875,0.0,0.0,36.0,325.0,895.0,1256.0,1271.0,1536.0,1796.0,1968.0,2140.0,2057.0,1559.0,1015.0,444.0,86.0,5793,0.35357666015625,1
146.15802001953125,42.44245579133244,40,253,0.0018310546875,0.103271484375,0.0,0.0,14.0,383.0,825.0,1128.0,1322.0,1738.0,2039.0,2351.0,2209.0,1862.0,1344.0,784.0,330.0,55.0,6076,0.370849609375,1
150.9093017578125,41.97216399229436,44,253,0.0013427734375,0.12225341796875,0.0,0.0,14.0,285.0,676.0,945.0,1218.0,1588.0,2015.0,2329.0,2335.0,2051.0,1496.0,957.0,398.0,77.0,6060,0.369873046875,1
147.74896240234375,42.36686298565964,42,254,0.001708984375,0.10986328125,0.0,0.0,15.0,351.0,740.0,1097.0,1298.0,1705.0,2021.0,2356.0,2263.0,1894.0,1398.0,797.0,369.0,80.0,5966,0.3641357421875,1
144.47430419921875,44.431120420220495,26,254,0.0067138671875,0.11309814453125,0.0,4.0,86.0,481.0,842.0,1125.0,1475.0,1841.0,2113.0,2110.0,1948.0,1689.0,1335.0,841.0,403.0,91.0,6008,0.36669921875,1
140.88177490234375,43.33843103262107,34,255,0.00732421875,0.09307861328125,0.0,0.0,84.0,508.0,853.0,1225.0,1626.0,2061.0,2248.0,2160.0,1836.0,1568.0,1121.0,696.0,315.0,83.0,5876,0.358642578125,1
139.6341552734375,47.78394976246388,19,252,0.0299072265625,0.1055908203125,0.0,62.0,355.0,707.0,984.0,1173.0,1448.0,1720.0,1949.0,1950.0,1838.0,1688.0,1263.0,827.0,359.0,61.0,6010,0.3668212890625,1
145.8026123046875,44.35070558569843,33,253,0.00714111328125,0.11761474609375,0.0,0.0,86.0,471.0,793.0,1089.0,1500.0,1725.0,1978.0,2112.0,2052.0,1822.0,1387.0,902.0,396.0,71.0,5925,0.36163330078125,1
145.47406005859375,46.858423485361755,34,252,0.012939453125,0.12548828125,0.0,0.0,154.0,667.0,914.0,1046.0,1371.0,1540.0,1897.0,1982.0,1973.0,1910.0,1432.0,926.0,484.0,88.0,6026,0.3677978515625,1
128.400146484375,50.48198394579538,16,249,0.079345703125,0.07464599609375,0.0,272.0,898.0,980.0,1052.0,1291.0,1562.0,1702.0,1845.0,1886.0,1716.0,1324.0,999.0,604.0,220.0,33.0,6212,0.379150390625,1
143.220458984375,47.688030964281495,23,253,0.02490234375,0.12213134765625,0.0,50.0,300.0,659.0,887.0,1050.0,1371.0,1692.0,1902.0,1962.0,1893.0,1786.0,1411.0,934.0,410.0,77.0,6207,0.37884521484375,1
134.23114013671875,48.63085254101663,18,252,0.04119873046875,0.08966064453125,0.0,65.0,518.0,919.0,1165.0,1265.0,1401.0,1769.0,1967.0,1975.0,1751.0,1464.0,1054.0,708.0,294.0,69.0,6199,0.37835693359375,1
153.76837158203125,42.61605676358115,46,252,0.0003662109375,0.1397705078125,0.0,0.0,3.0,204.0,756.0,932.0,1134.0,1418.0,1786.0,2240.0,2402.0,2147.0,1756.0,1040.0,454.0,112.0,6203,0.37860107421875,1
150.084228515625,44.13086297241385,44,250,0.00091552734375,0.13201904296875,0.0,0.0,7.0,338.0,960.0,1019.0,1192.0,1481.0,1802.0,2160.0,2317.0,2005.0,1540.0,1003.0,482.0,78.0,6137,0.37457275390625,1
154.50042724609375,43.73560309785479,45,254,0.00048828125,0.1593017578125,0.0,0.0,3.0,128.0,732.0,1102.0,1271.0,1431.0,1659.0,1977.0,2247.0,2174.0,1735.0,1216.0,585.0,124.0,6038,0.3685302734375,1
146.12615966796875,44.74180228081826,39,254,0.0020751953125,0.1226806640625,0.0,0.0,20.0,330.0,1010.0,1381.0,1454.0,1554.0,1799.0,1970.0,2067.0,1922.0,1482.0,945.0,376.0,74.0,5960,0.36376953125,1
124.837890625,44.552030127922194,36,254,0.0018310546875,0.07855224609375,0.0,0.0,14.0,468.0,1836.0,2761.0,2684.0,2078.0,1543.0,1246.0,1059.0,948.0,775.0,578.0,314.0,80.0,5287,0.32269287109375,1
154.4200439453125,39.68309927124526,48,252,0.0001220703125,0.12255859375,0.0,0.0,0.0,72.0,510.0,949.0,1243.0,1528.0,1835.0,2267.0,2382.0,2374.0,1908.0,1013.0,270.0,33.0,6334,0.3865966796875,1
151.9344482421875,41.12168548856154,32,251,0.00048828125,0.1220703125,0.0,0.0,4.0,162.0,662.0,1010.0,1287.0,1506.0,1878.0,2277.0,2349.0,2192.0,1755.0,979.0,289.0,34.0,6172,0.376708984375,1
154.65032958984375,41.504060285170205,34,254,0.0001220703125,0.1473388671875,0.0,0.0,1.0,128.0,554.0,969.0,1269.0,1514.0,1848.0,2141.0,2235.0,2214.0,1865.0,1181.0,419.0,46.0,6179,0.37713623046875,1
131.16094970703125,22.452027547475257,44,221,0.00030517578125,0.0006103515625,0.0,0.0,4.0,35.0,136.0,659.0,2259.0,4204.0,4291.0,3022.0,1354.0,382.0,33.0,5.0,0.0,0.0,4606,0.2811279296875,1
170.70172119140625,27.114556546714905,40,251,6.103515625e-05,0.143798828125,0.0,0.0,1.0,7.0,27.0,60.0,178.0,640.0,1717.0,2925.0,3594.0,3319.0,2484.0,1206.0,222.0,4.0,5485,0.33477783203125,1
172.7763671875,24.933476689975436,65,244,0.0,0.14251708984375,0.0,0.0,0.0,0.0,10.0,34.0,121.0,437.0,1418.0,2870.0,3836.0,3748.0,2579.0,1157.0,171.0,3.0,4781,0.29180908203125,1
173.33709716796875,27.58567222810949,55,246,0.0,0.16778564453125,0.0,0.0,0.0,7.0,19.0,74.0,198.0,603.0,1432.0,2619.0,3408.0,3445.0,2884.0,1396.0,286.0,13.0,5425,0.33111572265625,1
170.72052001953125,26.62295196097342,57,245,0.0,0.13714599609375,0.0,0.0,0.0,3.0,26.0,68.0,176.0,624.0,1652.0,2895.0,3654.0,3480.0,2476.0,1137.0,191.0,2.0,5346,0.3262939453125,1
172.84320068359375,25.306698050525444,65,240,0.0,0.1373291015625,0.0,0.0,0.0,0.0,17.0,63.0,123.0,491.0,1318.0,2816.0,3721.0,3820.0,2731.0,1119.0,164.0,1.0,5147,0.31414794921875,1
164.38812255859375,38.74700162341974,39,245,0.000732421875,0.18182373046875,0.0,0.0,9.0,29.0,287.0,909.0,934.0,855.0,1223.0,2067.0,2643.0,2932.0,2588.0,1544.0,358.0,6.0,5407,0.33001708984375,1
169.01800537109375,20.04065339752126,67,250,0.0,0.0499267578125,0.0,0.0,0.0,0.0,3.0,11.0,49.0,272.0,1377.0,3506.0,4812.0,4144.0,1909.0,287.0,13.0,1.0,4248,0.25927734375,1
170.4500732421875,26.917380238079527,62,250,0.0,0.137451171875,0.0,0.0,0.0,1.0,12.0,62.0,222.0,773.0,1679.0,2755.0,3501.0,3497.0,2619.0,1105.0,153.0,5.0,5659,0.34539794921875,1
171.5657958984375,27.006865663568984,58,243,0.0,0.15252685546875,0.0,0.0,0.0,2.0,7.0,56.0,203.0,718.0,1619.0,2679.0,3477.0,3477.0,2759.0,1214.0,168.0,5.0,5568,0.33984375,1
170.69781494140625,27.6019847231174,51,248,0.0,0.14715576171875,0.0,0.0,0.0,3.0,16.0,64.0,221.0,788.0,1691.0,2756.0,3373.0,3400.0,2669.0,1209.0,190.0,4.0,5758,0.3514404296875,1
169.75213623046875,29.090678989654016,58,245,0.0,0.15521240234375,0.0,0.0,0.0,2.0,29.0,79.0,295.0,960.0,1824.0,2674.0,3223.0,3189.0,2517.0,1331.0,251.0,10.0,5911,0.36077880859375,1
134.88330078125,18.89506201622611,51,250,0.0,0.00274658203125,0.0,0.0,0.0,5.0,47.0,279.0,1259.0,3956.0,5770.0,3649.0,1132.0,208.0,48.0,14.0,13.0,4.0,3594,0.2193603515625,1
177.46124267578125,24.11432045475923,71,253,0.0,0.16229248046875,0.0,0.0,0.0,0.0,4.0,28.0,92.0,322.0,956.0,2143.0,3755.0,4468.0,3044.0,1227.0,285.0,60.0,5386,0.3287353515625,1
176.8897705078125,24.771850712861607,70,252,0.0,0.16552734375,0.0,0.0,0.0,0.0,2.0,21.0,110.0,351.0,1061.0,2297.0,3620.0,4262.0,3032.0,1247.0,323.0,58.0,5535,0.33782958984375,1
180.5537109375,21.60635646168172,72,251,0.0,0.17138671875,0.0,0.0,0.0,0.0,1.0,8.0,48.0,175.0,603.0,1764.0,3728.0,4880.0,3650.0,1259.0,240.0,28.0,4624,0.2822265625,1
189.57763671875,18.94385665490997,92,253,0.0,0.28033447265625,0.0,0.0,0.0,0.0,0.0,2.0,14.0,40.0,191.0,758.0,2379.0,5219.0,5092.0,2225.0,406.0,58.0,4013,0.24493408203125,1
181.16680908203125,23.472953797595608,72,254,0.0,0.19586181640625,0.0,0.0,0.0,0.0,2.0,18.0,79.0,204.0,678.0,1782.0,3458.0,4688.0,3519.0,1494.0,381.0,81.0,5211,0.31805419921875,1
187.54693603515625,20.68938799298396,93,254,0.0,0.26568603515625,0.0,0.0,0.0,0.0,0.0,1.0,18.0,76.0,278.0,1092.0,2846.0,4866.0,4618.0,2071.0,411.0,107.0,4410,0.2691650390625,1
181.84820556640625,23.108103898289638,84,253,0.0,0.20745849609375,0.0,0.0,0.0,0.0,0.0,1.0,48.0,189.0,661.0,1842.0,3423.0,4473.0,3648.0,1652.0,376.0,71.0,5353,0.32672119140625,1
180.77703857421875,24.912800221227037,67,253,0.0,0.2216796875,0.0,0.0,0.0,0.0,1.0,7.0,86.0,323.0,889.0,1916.0,3154.0,4162.0,3644.0,1756.0,374.0,72.0,5714,0.3487548828125,1
181.8524169921875,25.629978965946645,77,253,0.0,0.241943359375,0.0,0.0,0.0,0.0,1.0,7.0,107.0,282.0,887.0,1832.0,3122.0,3996.0,3567.0,1959.0,526.0,98.0,5755,0.35125732421875,1
183.543701171875,25.165143893105434,78,254,0.0,0.26348876953125,0.0,0.0,0.0,0.0,2.0,10.0,47.0,276.0,758.0,1673.0,3031.0,4066.0,3676.0,2141.0,611.0,93.0,5657,0.34527587890625,1
175.7091064453125,24.12868535813164,75,253,0.0,0.1519775390625,0.0,0.0,0.0,0.0,1.0,9.0,83.0,373.0,1143.0,2413.0,3772.0,4233.0,2984.0,1123.0,216.0,34.0,5633,0.34381103515625,1
172.079833984375,25.903787363571496,76,253,0.0,0.1334228515625,0.0,0.0,0.0,0.0,6.0,26.0,186.0,592.0,1494.0,2714.0,3756.0,3817.0,2465.0,1049.0,247.0,32.0,5806,0.3543701171875,1
183.27294921875,22.800833611348978,84,254,0.0,0.22979736328125,0.0,0.0,0.0,0.0,0.0,3.0,29.0,147.0,597.0,1687.0,3308.0,4453.0,3837.0,1840.0,420.0,63.0,5402,0.3297119140625,1
171.8248291015625,25.071413212438596,61,249,0.0,0.12725830078125,0.0,0.0,0.0,1.0,3.0,23.0,133.0,533.0,1466.0,2962.0,3868.0,3736.0,2461.0,958.0,213.0,27.0,5509,0.33624267578125,1
177.51715087890625,23.97810786987221,69,252,0.0,0.17095947265625,0.0,0.0,0.0,0.0,2.0,9.0,67.0,304.0,949.0,2324.0,3798.0,4180.0,3076.0,1329.0,300.0,46.0,5225,0.31890869140625,1
185.27630615234375,19.532697074593493,98,253,0.0,0.21795654296875,0.0,0.0,0.0,0.0,0.0,0.0,16.0,71.0,325.0,1203.0,3083.0,5229.0,4589.0,1600.0,236.0,32.0,3656,0.22314453125,1
181.446533203125,23.98479127677984,92,253,0.0,0.2188720703125,0.0,0.0,0.0,0.0,0.0,5.0,65.0,243.0,808.0,1848.0,3218.0,4284.0,3738.0,1760.0,360.0,55.0,5426,0.3311767578125,1
132.599853515625,19.615080469232847,54,251,0.0,0.0037841796875,0.0,0.0,0.0,7.0,66.0,335.0,1267.0,5117.0,5743.0,2390.0,967.0,351.0,106.0,25.0,8.0,2.0,3029,0.18487548828125,1
175.5560302734375,21.273049545743223,65,253,0.0,0.12164306640625,0.0,0.0,0.0,0.0,2.0,8.0,43.0,166.0,620.0,2444.0,5444.0,4359.0,1992.0,932.0,325.0,49.0,4122,0.2515869140625,1
170.50738525390625,22.1460124697334,82,252,0.0,0.09674072265625,0.0,0.0,0.0,0.0,0.0,17.0,72.0,250.0,1090.0,3647.0,5311.0,3394.0,1559.0,737.0,263.0,44.0,4361,0.26617431640625,1
174.81329345703125,25.29176893231089,70,254,0.0,0.14837646484375,0.0,0.0,0.0,0.0,9.0,37.0,136.0,369.0,952.0,2627.0,4590.0,3911.0,2066.0,1092.0,494.0,101.0,4942,0.3016357421875,1
169.03619384765625,27.519364117493215,62,253,0.0,0.13031005859375,0.0,0.0,0.0,2.0,24.0,66.0,234.0,612.0,1613.0,3507.0,4177.0,2897.0,1730.0,979.0,451.0,92.0,5391,0.32904052734375,1
169.0906982421875,25.17163400724095,48,252,6.103515625e-05,0.10516357421875,0.0,0.0,0.0,12.0,22.0,51.0,154.0,493.0,1573.0,3360.0,4385.0,3465.0,1780.0,799.0,243.0,47.0,5337,0.32574462890625,1
170.55999755859375,26.02972241728843,48,253,6.103515625e-05,0.12359619140625,0.0,0.0,0.0,15.0,31.0,77.0,133.0,467.0,1454.0,3120.0,4320.0,3495.0,2020.0,867.0,334.0,51.0,5310,0.3240966796875,1
167.23907470703125,29.641908397084972,40,254,0.00030517578125,0.1334228515625,0.0,0.0,4.0,19.0,56.0,106.0,295.0,868.0,1964.0,3219.0,3600.0,2887.0,1874.0,983.0,418.0,91.0,5778,0.3526611328125,1
171.31512451171875,30.38776297190442,39,254,0.00042724609375,0.16986083984375,0.0,0.0,5.0,26.0,43.0,99.0,256.0,702.0,1670.0,2883.0,3482.0,3075.0,2151.0,1278.0,552.0,162.0,5807,0.35443115234375,1
167.5751953125,30.137574527479032,39,254,0.00079345703125,0.13848876953125,0.0,0.0,10.0,28.0,59.0,115.0,316.0,866.0,1848.0,3113.0,3693.0,2894.0,1886.0,1018.0,445.0,93.0,5789,0.35333251953125,1
162.193359375,35.33997603419408,31,253,0.00396728515625,0.13861083984375,0.0,1.0,56.0,89.0,142.0,345.0,665.0,1185.0,2048.0,2951.0,3054.0,2516.0,1686.0,1074.0,459.0,113.0,6021,0.36749267578125,1
156.32659912109375,38.543341770408375,26,254,0.00958251953125,0.11962890625,0.0,11.0,121.0,212.0,291.0,488.0,806.0,1403.0,2230.0,2891.0,2778.0,2247.0,1521.0,850.0,421.0,114.0,6075,0.37078857421875,1
172.01251220703125,34.395113464867094,35,254,0.0018310546875,0.19439697265625,0.0,0.0,21.0,94.0,139.0,203.0,391.0,750.0,1289.0,2307.0,3267.0,3234.0,2389.0,1378.0,729.0,193.0,5873,0.35845947265625,1
123.9085693359375,29.512972846104798,34,250,0.00146484375,0.0213623046875,0.0,0.0,16.0,91.0,415.0,1483.0,4052.0,4449.0,2603.0,1276.0,835.0,582.0,358.0,149.0,65.0,10.0,5195,0.31707763671875,1
181.58868408203125,30.04031018014847,77,255,0.0,0.2470703125,0.0,0.0,0.0,0.0,2.0,15.0,73.0,247.0,978.0,2596.0,3715.0,3321.0,2209.0,1381.0,1051.0,796.0,5587,0.34100341796875,1
165.20947265625,29.79092089691037,58,254,0.0,0.130126953125,0.0,0.0,0.0,3.0,12.0,66.0,259.0,974.0,2385.0,3898.0,3692.0,2192.0,1255.0,833.0,573.0,242.0,5475,0.33416748046875,1
174.0523681640625,28.48226544843989,80,254,0.0,0.1749267578125,0.0,0.0,0.0,0.0,0.0,17.0,104.0,381.0,1461.0,3303.0,4155.0,2972.0,1798.0,1086.0,721.0,386.0,5262,0.3211669921875,1
158.9564208984375,32.35567307836594,49,253,6.103515625e-05,0.12506103515625,0.0,0.0,0.0,7.0,48.0,167.0,502.0,1569.0,3396.0,3702.0,2652.0,1584.0,1177.0,839.0,536.0,205.0,5654,0.3450927734375,1
162.713134765625,32.49842782160961,25,253,0.00213623046875,0.13604736328125,0.0,2.0,30.0,67.0,102.0,161.0,356.0,1021.0,2614.0,3783.0,3045.0,2070.0,1479.0,1035.0,496.0,123.0,5748,0.350830078125,1
160.83404541015625,32.40196844594115,24,253,0.0023193359375,0.126708984375,0.0,7.0,26.0,55.0,67.0,145.0,425.0,1306.0,2867.0,3742.0,2880.0,1951.0,1379.0,915.0,510.0,109.0,5560,0.33935546875,1
165.96063232421875,33.63224684469984,30,254,0.0013427734375,0.16064453125,0.0,1.0,16.0,51.0,99.0,189.0,323.0,995.0,2344.0,3244.0,3204.0,2331.0,1574.0,1071.0,710.0,232.0,5698,0.3477783203125,1
171.7125244140625,33.06071480846815,35,254,0.00079345703125,0.1959228515625,0.0,0.0,9.0,43.0,67.0,126.0,224.0,679.0,1816.0,3054.0,3396.0,2667.0,1818.0,1270.0,878.0,337.0,5658,0.3453369140625,1
172.96270751953125,32.256176936820864,32,255,0.000732421875,0.19793701171875,0.0,0.0,7.0,29.0,35.0,96.0,215.0,699.0,1704.0,2918.0,3376.0,2886.0,1952.0,1243.0,857.0,367.0,5695,0.34759521484375,1
165.5780029296875,31.138980835233234,45,253,0.00018310546875,0.14208984375,0.0,0.0,3.0,16.0,58.0,149.0,394.0,927.0,2058.0,3649.0,3570.0,2360.0,1461.0,1035.0,555.0,149.0,5610,0.3424072265625,1
162.39849853515625,33.23329989433335,32,253,0.0009765625,0.1356201171875,0.0,0.0,15.0,36.0,112.0,203.0,468.0,1225.0,2623.0,3405.0,3013.0,2137.0,1479.0,950.0,542.0,176.0,5657,0.34527587890625,1
172.16015625,25.142785301353566,42,253,0.00042724609375,0.11724853515625,0.0,0.0,4.0,34.0,48.0,94.0,144.0,271.0,833.0,3025.0,4993.0,3787.0,1862.0,888.0,339.0,62.0,4820,0.294189453125,1
154.88238525390625,31.640280048644602,32,254,0.00299072265625,0.0897216796875,0.0,0.0,37.0,83.0,111.0,206.0,489.0,1697.0,3505.0,3833.0,2587.0,1638.0,1158.0,663.0,282.0,95.0,5644,0.344482421875,1
171.5343017578125,31.68883356955232,34,254,0.00146484375,0.17010498046875,0.0,0.0,19.0,80.0,121.0,160.0,283.0,517.0,1197.0,2820.0,3868.0,3242.0,2086.0,1214.0,615.0,162.0,5522,0.3370361328125,1
163.74102783203125,32.27588950407872,36,253,0.0008544921875,0.12237548828125,0.0,0.0,11.0,63.0,168.0,291.0,473.0,846.0,1738.0,3479.0,3822.0,2559.0,1484.0,920.0,435.0,95.0,5576,0.34033203125,1
170.95465087890625,31.069348254779136,38,254,0.00054931640625,0.1600341796875,0.0,0.0,5.0,45.0,123.0,194.0,356.0,554.0,1188.0,2691.0,4005.0,3335.0,2051.0,1161.0,539.0,137.0,5340,0.325927734375,1
157.15924072265625,16.147924484160626,88,234,0.0,0.00439453125,0.0,0.0,0.0,0.0,0.0,7.0,39.0,476.0,2756.0,5822.0,5216.0,1835.0,197.0,29.0,7.0,0.0,1486,0.0906982421875,0
157.68304443359375,17.213341812004224,83,243,0.0,0.01776123046875,0.0,0.0,0.0,0.0,0.0,1.0,28.0,426.0,2794.0,5939.0,5022.0,1638.0,353.0,151.0,31.0,1.0,1222,0.0745849609375,0
159.7320556640625,15.65000289451935,97,251,0.0,0.00592041015625,0.0,0.0,0.0,0.0,0.0,0.0,12.0,277.0,2165.0,5687.0,5681.0,2210.0,317.0,29.0,5.0,1.0,1361,0.08306884765625,0
159.97381591796875,15.28877260645265,104,247,0.0,0.00634765625,0.0,0.0,0.0,0.0,0.0,0.0,11.0,237.0,2069.0,5725.0,5856.0,2176.0,261.0,40.0,8.0,1.0,1194,0.0728759765625,0
166.02142333984375,19.962460925855087,106,253,0.0,0.06048583984375,0.0,0.0,0.0,0.0,0.0,0.0,3.0,146.0,1560.0,4826.0,5482.0,2781.0,904.0,460.0,174.0,48.0,1122,0.0684814453125,0
167.16558837890625,19.38756485020237,102,253,0.0,0.05340576171875,0.0,0.0,0.0,0.0,0.0,0.0,3.0,128.0,1340.0,4442.0,5668.0,3256.0,970.0,343.0,187.0,47.0,1174,0.0716552734375,0
159.4305419921875,16.698894746102233,88,249,0.0,0.01617431640625,0.0,0.0,0.0,0.0,0.0,1.0,13.0,273.0,2312.0,5992.0,5326.0,1950.0,344.0,111.0,52.0,10.0,914,0.0557861328125,0
159.11517333984375,17.665020754200107,68,252,0.0,0.02471923828125,0.0,0.0,0.0,0.0,4.0,14.0,34.0,311.0,2347.0,6163.0,5158.0,1661.0,409.0,218.0,60.0,5.0,635,0.03875732421875,0
153.719482421875,15.418369546053674,93,234,0.0,0.00201416015625,0.0,0.0,0.0,0.0,0.0,2.0,37.0,707.0,3428.0,6372.0,4606.0,1102.0,112.0,16.0,2.0,0.0,874,0.0533447265625,0
152.82476806640625,15.908095402525571,86,236,0.0,0.002685546875,0.0,0.0,0.0,0.0,0.0,2.0,53.0,841.0,3710.0,6202.0,4357.0,1072.0,120.0,24.0,3.0,0.0,1173,0.07159423828125,0
153.02691650390625,15.606729806333908,92,229,0.0,0.0028076171875,0.0,0.0,0.0,0.0,0.0,2.0,43.0,807.0,3623.0,6372.0,4384.0,1035.0,93.0,21.0,4.0,0.0,1338,0.0816650390625,0
153.820556640625,15.315438247519682,93,248,0.0,0.0030517578125,0.0,0.0,0.0,0.0,0.0,1.0,46.0,624.0,3366.0,6600.0,4510.0,1099.0,108.0,27.0,2.0,1.0,1177,0.07183837890625,0
155.26373291015625,16.87137441176457,89,250,0.0,0.01287841796875,0.0,0.0,0.0,0.0,0.0,4.0,41.0,586.0,3233.0,6269.0,4585.0,1281.0,266.0,86.0,28.0,5.0,1232,0.0751953125,0
155.132568359375,16.39543181557458,91,242,0.0,0.0059814453125,0.0,0.0,0.0,0.0,0.0,1.0,43.0,671.0,3114.0,6291.0,4543.0,1425.0,254.0,35.0,5.0,2.0,1281,0.07818603515625,0
152.54510498046875,16.24103694258542,86,237,0.0,0.00347900390625,0.0,0.0,0.0,0.0,0.0,11.0,87.0,919.0,3625.0,6315.0,4183.0,1090.0,128.0,23.0,3.0,0.0,1329,0.08111572265625,0
150.01641845703125,15.921734281293368,58,228,0.0,0.0020751953125,0.0,0.0,0.0,1.0,4.0,9.0,119.0,1164.0,4174.0,6400.0,3696.0,741.0,55.0,18.0,3.0,0.0,1195,0.07293701171875,0
147.8087158203125,16.398246774477563,75,224,0.0,0.00189208984375,0.0,0.0,0.0,0.0,2.0,17.0,202.0,1528.0,4725.0,6040.0,3171.0,628.0,60.0,10.0,1.0,0.0,1460,0.089111328125,0
148.2459716796875,16.269520903603514,76,228,0.0,0.0018310546875,0.0,0.0,0.0,0.0,3.0,12.0,157.0,1455.0,4682.0,6092.0,3231.0,667.0,74.0,9.0,2.0,0.0,1388,0.084716796875,0
150.93035888671875,16.466766253214296,73,229,0.0,0.00335693359375,0.0,0.0,0.0,0.0,2.0,7.0,105.0,1111.0,4132.0,6119.0,3836.0,924.0,122.0,23.0,3.0,0.0,1458,0.0889892578125,0
150.112548828125,16.075567056834657,72,230,0.0,0.00189208984375,0.0,0.0,0.0,0.0,1.0,10.0,86.0,1219.0,4311.0,6139.0,3707.0,824.0,74.0,11.0,2.0,0.0,1508,0.092041015625,0
151.69085693359375,15.947307013243622,89,231,0.0,0.0029296875,0.0,0.0,0.0,0.0,0.0,5.0,74.0,980.0,3950.0,6244.0,4082.0,928.0,96.0,23.0,2.0,0.0,1266,0.0772705078125,0
153.7252197265625,15.634030474809338,91,251,0.0,0.00262451171875,0.0,0.0,0.0,0.0,0.0,4.0,39.0,665.0,3579.0,6241.0,4519.0,1204.0,117.0,13.0,2.0,1.0,1084,0.066162109375,0
155.3663330078125,16.0959784358415,96,234,0.0,0.00506591796875,0.0,0.0,0.0,0.0,0.0,0.0,24.0,586.0,3245.0,6070.0,4737.0,1493.0,189.0,35.0,5.0,0.0,1163,0.07098388671875,0
156.5623779296875,15.928061408843448,100,234,0.0,0.00537109375,0.0,0.0,0.0,0.0,0.0,0.0,9.0,468.0,3029.0,5946.0,5017.0,1665.0,218.0,27.0,5.0,0.0,975,0.05950927734375,0
155.47686767578125,15.522042103648968,101,227,0.0,0.0045166015625,0.0,0.0,0.0,0.0,0.0,0.0,16.0,476.0,3187.0,6188.0,4922.0,1404.0,157.0,32.0,2.0,0.0,1169,0.07135009765625,0
156.204833984375,15.965329901356801,61,245,0.0,0.00457763671875,0.0,0.0,0.0,1.0,0.0,1.0,17.0,518.0,3045.0,5899.0,5107.0,1560.0,206.0,28.0,1.0,1.0,1111,0.06781005859375,0
156.97265625,16.675981639695486,70,245,0.0,0.01007080078125,0.0,0.0,0.0,0.0,1.0,2.0,22.0,496.0,2975.0,5748.0,5110.0,1641.0,304.0,75.0,9.0,1.0,1121,0.06842041015625,0
158.48602294921875,17.147931725270876,74,243,0.0,0.01202392578125,0.0,0.0,0.0,0.0,1.0,1.0,19.0,448.0,2726.0,5511.0,5092.0,2100.0,399.0,78.0,8.0,1.0,1598,0.0975341796875,0
167.0438232421875,23.969871091610905,103,255,0.0,0.06781005859375,0.0,0.0,0.0,0.0,0.0,0.0,6.0,232.0,1688.0,4540.0,5591.0,2782.0,613.0,230.0,193.0,509.0,1460,0.089111328125,0
158.68267822265625,15.439680790896542,99,233,0.0,0.00537109375,0.0,0.0,0.0,0.0,0.0,0.0,10.0,281.0,2424.0,5914.0,5480.0,1994.0,243.0,35.0,3.0,0.0,1141,0.06964111328125,0
162.851318359375,18.261744755201132,100,249,0.0,0.0352783203125,0.0,0.0,0.0,0.0,0.0,0.0,5.0,155.0,1992.0,5276.0,5462.0,2448.0,683.0,257.0,95.0,11.0,881,0.05377197265625,0
160.172607421875,15.975502077833147,80,235,0.0,0.00897216796875,0.0,0.0,0.0,0.0,0.0,2.0,4.0,248.0,2220.0,5528.0,5687.0,2254.0,380.0,54.0,7.0,0.0,860,0.052490234375,0
166.19586181640625,23.45629777349183,81,255,0.0,0.0745849609375,0.0,0.0,0.0,0.0,0.0,1.0,12.0,278.0,2039.0,4623.0,4755.0,2745.0,1065.0,398.0,192.0,276.0,1233,0.07525634765625,0
165.94622802734375,23.973961535788945,88,255,0.0,0.0888671875,0.0,0.0,0.0,0.0,0.0,1.0,12.0,308.0,2068.0,4649.0,5035.0,2367.0,815.0,529.0,355.0,245.0,1446,0.0882568359375,0
160.9208984375,20.196002291736107,98,254,0.0,0.04376220703125,0.0,0.0,0.0,0.0,0.0,0.0,21.0,426.0,2550.0,5218.0,5050.0,1996.0,625.0,327.0,131.0,40.0,1285,0.07843017578125,0
159.11834716796875,18.305685333520433,97,252,0.0,0.0235595703125,0.0,0.0,0.0,0.0,0.0,0.0,28.0,502.0,2547.0,5542.0,5072.0,1938.0,527.0,173.0,46.0,9.0,1332,0.081298828125,0
157.26129150390625,16.868351574930347,73,248,0.0,0.0103759765625,0.0,0.0,0.0,0.0,1.0,0.0,19.0,527.0,2871.0,5724.0,5078.0,1787.0,276.0,83.0,16.0,2.0,1425,0.08697509765625,0
156.9716796875,17.18682679678574,96,233,0.0,0.00994873046875,0.0,0.0,0.0,0.0,0.0,0.0,31.0,600.0,2980.0,5631.0,4915.0,1796.0,363.0,61.0,7.0,0.0,1200,0.0732421875,0
157.84710693359375,18.690158417184794,89,255,0.0,0.01947021484375,0.0,0.0,0.0,0.0,0.0,2.0,37.0,598.0,2956.0,5458.0,4867.0,1877.0,377.0,116.0,49.0,47.0,1473,0.08990478515625,0
162.77545166015625,26.4924914815225,95,255,0.0,0.08074951171875,0.0,0.0,0.0,0.0,0.0,1.0,38.0,601.0,2825.0,4998.0,4343.0,1865.0,576.0,367.0,298.0,472.0,1578,0.0963134765625,0
155.74822998046875,16.737738283691705,95,243,0.0,0.00494384765625,0.0,0.0,0.0,0.0,0.0,1.0,51.0,704.0,3143.0,5632.0,4946.0,1672.0,197.0,34.0,3.0,1.0,1574,0.0960693359375,0
157.23052978515625,16.65240246551904,99,236,0.0,0.006103515625,0.0,0.0,0.0,0.0,0.0,0.0,27.0,562.0,2842.0,5541.0,5237.0,1872.0,255.0,40.0,8.0,0.0,1209,0.07379150390625,0
156.5589599609375,17.03831749266396,96,254,0.0,0.010009765625,0.0,0.0,0.0,0.0,0.0,0.0,40.0,582.0,3007.0,5764.0,4994.0,1675.0,216.0,64.0,27.0,15.0,1616,0.0986328125,0
166.3173828125,26.888935805201868,90,255,0.0,0.08892822265625,0.0,0.0,0.0,0.0,0.0,2.0,21.0,439.0,2183.0,4637.0,4779.0,2376.0,695.0,338.0,269.0,645.0,1402,0.0855712890625,0
157.56475830078125,16.5689795908738,83,242,0.0,0.00506591796875,0.0,0.0,0.0,0.0,0.0,1.0,32.0,584.0,2706.0,5455.0,5337.0,2004.0,230.0,30.0,4.0,1.0,1463,0.08929443359375,0
158.356201171875,18.1558990559499,92,244,0.0,0.0125732421875,0.0,0.0,0.0,0.0,0.0,3.0,38.0,655.0,2729.0,5210.0,5001.0,2172.0,478.0,88.0,9.0,1.0,1608,0.09814453125,0
158.05780029296875,15.502150381490674,96,229,0.0,0.00445556640625,0.0,0.0,0.0,0.0,0.0,0.0,24.0,428.0,2335.0,5912.0,5684.0,1770.0,194.0,31.0,6.0,0.0,1347,0.08221435546875,0
159.0113525390625,17.444918701520777,89,237,0.0,0.01202392578125,0.0,0.0,0.0,0.0,0.0,2.0,19.0,458.0,2598.0,5486.0,5075.0,2135.0,518.0,86.0,7.0,0.0,1455,0.08880615234375,0
160.23199462890625,17.69470919986932,92,248,0.0,0.02203369140625,0.0,0.0,0.0,0.0,0.0,1.0,16.0,392.0,2264.0,5395.0,5528.0,2122.0,452.0,153.0,51.0,10.0,1236,0.075439453125,0
159.84271240234375,16.649828128989945,94,246,0.0,0.01434326171875,0.0,0.0,0.0,0.0,0.0,2.0,24.0,346.0,2165.0,5577.0,5656.0,2053.0,445.0,102.0,10.0,4.0,1364,0.083251953125,0
159.10198974609375,16.938153266515595,93,250,0.0,0.01397705078125,0.0,0.0,0.0,0.0,0.0,2.0,22.0,395.0,2443.0,5575.0,5405.0,2053.0,357.0,104.0,25.0,3.0,1364,0.083251953125,0
152.982666015625,31.27196208457223,34,253,0.00115966796875,0.04681396484375,0.0,0.0,13.0,66.0,220.0,420.0,946.0,1663.0,2521.0,3214.0,3338.0,2452.0,1113.0,299.0,85.0,34.0,5690,0.3472900390625,0
162.01300048828125,31.76858215193646,34,252,0.0009765625,0.09130859375,0.0,0.0,9.0,44.0,149.0,302.0,638.0,1149.0,1979.0,2842.0,3322.0,3086.0,2001.0,621.0,182.0,60.0,5613,0.34259033203125,0
150.46173095703125,33.676270382088596,22,254,0.00299072265625,0.05279541015625,0.0,4.0,34.0,123.0,276.0,551.0,1055.0,1819.0,2658.0,3105.0,2906.0,2263.0,1053.0,322.0,151.0,64.0,5867,0.35809326171875,0
162.89593505859375,32.075725191524334,34,252,0.00048828125,0.10125732421875,0.0,0.0,6.0,27.0,109.0,314.0,657.0,1279.0,1956.0,2560.0,3130.0,3264.0,2136.0,694.0,209.0,43.0,5076,0.309814453125,0
158.63006591796875,31.54582328369392,33,252,0.00042724609375,0.07183837890625,0.0,0.0,5.0,49.0,136.0,349.0,779.0,1458.0,2134.0,2907.0,3183.0,3048.0,1706.0,493.0,106.0,31.0,5236,0.319580078125,0
161.30828857421875,28.858537305971737,53,253,0.0,0.067138671875,0.0,0.0,0.0,17.0,61.0,204.0,528.0,1323.0,2147.0,2987.0,3607.0,3306.0,1560.0,452.0,147.0,45.0,5053,0.30841064453125,0
155.18133544921875,27.411543473496486,40,252,0.000244140625,0.04241943359375,0.0,0.0,4.0,14.0,72.0,221.0,646.0,1539.0,2730.0,3915.0,3590.0,2260.0,983.0,281.0,100.0,29.0,4810,0.2935791015625,0
157.2513427734375,26.554846060016583,36,253,0.00030517578125,0.0467529296875,0.0,0.0,4.0,19.0,61.0,177.0,511.0,1214.0,2720.0,3919.0,3846.0,2424.0,1043.0,332.0,100.0,14.0,4494,0.2742919921875,0
165.59698486328125,24.42561837895014,52,251,0.0,0.0584716796875,0.0,0.0,0.0,2.0,24.0,78.0,273.0,754.0,1722.0,3322.0,4292.0,3702.0,1780.0,335.0,82.0,18.0,4691,0.28631591796875,0
164.6832275390625,28.874363695860108,32,253,0.000732421875,0.088623046875,0.0,0.0,9.0,23.0,63.0,186.0,475.0,896.0,1828.0,3063.0,3785.0,3350.0,1872.0,596.0,177.0,61.0,5618,0.3428955078125,0
165.302490234375,23.551220021516034,56,250,0.0,0.05487060546875,0.0,0.0,0.0,2.0,16.0,71.0,230.0,671.0,1756.0,3481.0,4662.0,3492.0,1560.0,341.0,90.0,12.0,4648,0.28369140625,0
165.36151123046875,23.174390047287947,52,250,0.0,0.03985595703125,0.0,0.0,0.0,3.0,23.0,75.0,257.0,708.0,1669.0,3070.0,4803.0,4062.0,1406.0,228.0,69.0,11.0,4628,0.282470703125,0
164.874755859375,26.192234384073444,36,254,6.103515625e-05,0.05963134765625,0.0,0.0,1.0,14.0,48.0,166.0,386.0,852.0,1623.0,2958.0,4283.0,3907.0,1682.0,361.0,88.0,15.0,5285,0.32257080078125,0
162.71661376953125,31.715039074149814,28,251,0.00018310546875,0.0950927734375,0.0,1.0,0.0,36.0,143.0,342.0,642.0,1144.0,1846.0,2681.0,3229.0,3324.0,2201.0,621.0,140.0,34.0,5642,0.3443603515625,0
155.90203857421875,26.784797948046066,26,253,0.00079345703125,0.03857421875,0.0,1.0,9.0,27.0,91.0,211.0,544.0,1342.0,2550.0,4062.0,3981.0,2354.0,825.0,257.0,101.0,29.0,5313,0.32427978515625,0
167.9063720703125,26.238206957004415,53,253,0.0,0.109130859375,0.0,0.0,0.0,5.0,24.0,78.0,260.0,678.0,1742.0,3211.0,3957.0,3273.0,2205.0,807.0,118.0,26.0,4878,0.2977294921875,0
168.04644775390625,28.064474428187246,54,247,0.0,0.13104248046875,0.0,0.0,0.0,2.0,16.0,98.0,318.0,876.0,1839.0,3082.0,3383.0,3123.0,2402.0,1059.0,168.0,18.0,4720,0.2880859375,0
171.553955078125,27.653663702903717,51,248,0.0,0.15533447265625,0.0,0.0,0.0,2.0,16.0,66.0,265.0,723.0,1543.0,2651.0,3470.0,3516.0,2603.0,1310.0,207.0,12.0,4543,0.27728271484375,0
151.75042724609375,34.208628369819415,30,254,0.00091552734375,0.06982421875,0.0,1.0,9.0,80.0,242.0,623.0,1169.0,1885.0,2463.0,2866.0,2719.0,2316.0,1381.0,469.0,140.0,21.0,5843,0.35662841796875,0
155.4498291015625,26.758631100071245,46,252,6.103515625e-05,0.04071044921875,0.0,0.0,1.0,12.0,72.0,237.0,566.0,1439.0,2768.0,3859.0,3879.0,2317.0,822.0,293.0,96.0,23.0,5258,0.3209228515625,0
154.06390380859375,29.019958039995352,29,248,0.00054931640625,0.04547119140625,0.0,1.0,6.0,35.0,123.0,327.0,766.0,1597.0,2688.0,3618.0,3484.0,2279.0,1057.0,292.0,91.0,20.0,5500,0.335693359375,0
151.7540283203125,30.12110031948085,26,246,0.0018310546875,0.0380859375,0.0,3.0,21.0,53.0,184.0,501.0,891.0,1555.0,2581.0,3744.0,3373.0,2183.0,966.0,263.0,57.0,9.0,4667,0.28485107421875,0
160.59857177734375,27.241519616691473,46,251,0.00018310546875,0.068359375,0.0,0.0,1.0,18.0,52.0,133.0,431.0,1100.0,2427.0,3691.0,3732.0,2756.0,1411.0,489.0,122.0,21.0,4645,0.28350830078125,0
172.49395751953125,21.297665122268796,64,250,0.0,0.08197021484375,0.0,0.0,0.0,0.0,7.0,10.0,71.0,315.0,1062.0,2725.0,4670.0,4576.0,2297.0,522.0,115.0,14.0,3929,0.23980712890625,0
166.131591796875,21.396930407528558,72,249,0.0,0.05010986328125,0.0,0.0,0.0,0.0,2.0,17.0,103.0,495.0,1688.0,3752.0,4917.0,3638.0,1338.0,333.0,91.0,10.0,3846,0.2347412109375,0
164.2269287109375,21.07972664506029,79,248,0.0,0.0413818359375,0.0,0.0,0.0,0.0,1.0,13.0,81.0,530.0,1982.0,4195.0,4847.0,3224.0,1142.0,278.0,78.0,13.0,3224,0.19677734375,0
146.603515625,30.875170440821147,27,250,0.00311279296875,0.031982421875,0.0,4.0,41.0,121.0,304.0,571.0,1049.0,1787.0,2983.0,3794.0,3271.0,1538.0,598.0,228.0,87.0,8.0,5152,0.314453125,0
150.54901123046875,27.10895470223309,51,253,0.0,0.03778076171875,0.0,0.0,0.0,13.0,69.0,288.0,816.0,1894.0,3370.0,4062.0,3226.0,1585.0,662.0,272.0,99.0,28.0,5370,0.3277587890625,0
145.8902587890625,31.17115706929239,42,247,0.0001220703125,0.02801513671875,0.0,0.0,1.0,38.0,247.0,759.0,1375.0,2193.0,2838.0,3065.0,2941.0,1912.0,784.0,190.0,36.0,5.0,5607,0.34222412109375,0
154.160888671875,32.06504685899644,53,253,0.0,0.06744384765625,0.0,0.0,0.0,17.0,121.0,483.0,1092.0,1792.0,2460.0,2956.0,2987.0,2435.0,1431.0,486.0,113.0,11.0,5677,0.34649658203125,0
149.28466796875,35.526824967516696,38,252,0.00042724609375,0.06451416015625,0.0,0.0,2.0,79.0,354.0,868.0,1370.0,1851.0,2336.0,2695.0,2705.0,2189.0,1313.0,489.0,107.0,26.0,5882,0.3590087890625,0
131.3338623046875,38.564430738545475,21,252,0.00762939453125,0.03179931640625,0.0,5.0,83.0,513.0,1083.0,1545.0,1965.0,2289.0,2496.0,2315.0,1931.0,1212.0,649.0,219.0,64.0,15.0,6038,0.3685302734375,0
149.592041015625,34.10199760080786,45,248,0.0001220703125,0.05914306640625,0.0,0.0,2.0,65.0,290.0,761.0,1305.0,1936.0,2422.0,2874.0,2796.0,2155.0,1241.0,423.0,95.0,19.0,5745,0.35064697265625,0
145.15911865234375,34.60930285128743,39,249,0.0009765625,0.047607421875,0.0,0.0,10.0,99.0,451.0,894.0,1460.0,2043.0,2644.0,2915.0,2629.0,1813.0,982.0,339.0,94.0,11.0,5780,0.352783203125,0
143.7457275390625,35.09582715647059,31,249,0.00128173828125,0.04571533203125,0.0,1.0,14.0,163.0,445.0,907.0,1543.0,2239.0,2623.0,2787.0,2528.0,1761.0,914.0,343.0,104.0,12.0,5775,0.35247802734375,0
139.46124267578125,37.25932155570864,33,249,0.00164794921875,0.04052734375,0.0,0.0,16.0,262.0,739.0,1262.0,1745.0,2117.0,2428.0,2554.0,2297.0,1692.0,892.0,293.0,79.0,8.0,5830,0.3558349609375,0
135.68212890625,37.876397560320406,28,253,0.00347900390625,0.03448486328125,0.0,1.0,29.0,390.0,933.0,1392.0,1812.0,2164.0,2421.0,2521.0,2114.0,1536.0,756.0,255.0,55.0,5.0,5784,0.35302734375,0
138.44891357421875,36.76112352305219,30,253,0.00396728515625,0.03765869140625,0.0,1.0,50.0,290.0,716.0,1219.0,1708.0,2123.0,2669.0,2614.0,2330.0,1537.0,754.0,301.0,65.0,7.0,5856,0.357421875,0
140.94171142578125,36.99321732859987,36,253,0.002197265625,0.047119140625,0.0,0.0,22.0,221.0,645.0,1207.0,1653.0,2153.0,2460.0,2582.0,2366.0,1705.0,922.0,346.0,87.0,15.0,5821,0.35528564453125,0
146.855712890625,37.14306604277834,27,251,0.0013427734375,0.06829833984375,0.0,1.0,13.0,154.0,511.0,934.0,1438.0,2018.0,2287.0,2532.0,2534.0,2041.0,1286.0,496.0,127.0,12.0,5748,0.350830078125,0
133.7109375,39.24606011898877,30,252,0.0074462890625,0.04241943359375,0.0,1.0,93.0,450.0,975.0,1483.0,1986.0,2221.0,2396.0,2264.0,1945.0,1419.0,738.0,315.0,84.0,14.0,5890,0.3594970703125,0
133.27740478515625,39.488407950981525,28,252,0.00897216796875,0.038818359375,0.0,4.0,117.0,486.0,968.0,1547.0,1912.0,2185.0,2369.0,2357.0,1895.0,1386.0,787.0,278.0,76.0,17.0,5869,0.35821533203125,0
133.99407958984375,38.64972726405016,24,252,0.00830078125,0.0361328125,0.0,8.0,102.0,428.0,982.0,1413.0,1845.0,2164.0,2572.0,2446.0,1952.0,1374.0,740.0,280.0,62.0,16.0,5892,0.359619140625,0
140.12542724609375,38.48326103414761,25,254,0.00311279296875,0.05712890625,0.0,1.0,31.0,218.0,760.0,1269.0,1766.0,2184.0,2409.0,2404.0,2143.0,1624.0,988.0,446.0,118.0,23.0,5879,0.35882568359375,0
132.51220703125,38.200303096342715,24,253,0.006591796875,0.036376953125,0.0,3.0,80.0,398.0,956.0,1534.0,2009.0,2483.0,2488.0,2328.0,1844.0,1220.0,645.0,267.0,101.0,28.0,5799,0.35394287109375,0
128.6458740234375,37.66501564298724,25,252,0.0103759765625,0.02532958984375,0.0,4.0,130.0,538.0,1040.0,1636.0,2110.0,2568.0,2521.0,2319.0,1659.0,1103.0,490.0,189.0,69.0,8.0,5819,0.35516357421875,0
139.8055419921875,41.3165689012374,25,249,0.00738525390625,0.0665283203125,0.0,3.0,84.0,435.0,868.0,1267.0,1674.0,1989.0,2151.0,2292.0,2150.0,1686.0,1069.0,512.0,169.0,35.0,5899,0.36004638671875,0
148.354248046875,41.2084914442442,31,253,0.002197265625,0.10797119140625,0.0,1.0,29.0,226.0,597.0,1043.0,1483.0,1876.0,2066.0,2256.0,2159.0,1959.0,1465.0,851.0,317.0,56.0,5890,0.3594970703125,0
146.26800537109375,33.56731171537045,38,254,0.0001220703125,0.05511474609375,0.0,0.0,2.0,55.0,275.0,803.0,1504.0,2227.0,2776.0,2982.0,2530.0,1725.0,935.0,438.0,110.0,22.0,5796,0.353759765625,0
146.79425048828125,34.07487717572539,42,249,0.00042724609375,0.0509033203125,0.0,0.0,5.0,64.0,319.0,817.0,1493.0,2111.0,2610.0,2809.0,2666.0,1923.0,1077.0,380.0,94.0,16.0,5718,0.3489990234375,0
145.19097900390625,34.44577003649049,39,251,0.00054931640625,0.04840087890625,0.0,0.0,5.0,90.0,350.0,946.0,1531.0,2206.0,2591.0,2801.0,2549.0,1893.0,959.0,339.0,107.0,17.0,5785,0.35308837890625,0
149.17974853515625,33.819125571619274,46,253,0.00018310546875,0.060302734375,0.0,0.0,1.0,54.0,271.0,720.0,1332.0,2025.0,2548.0,2884.0,2758.0,2068.0,1136.0,440.0,133.0,14.0,5940,0.362548828125,0
146.740478515625,35.821218563588786,36,252,0.00067138671875,0.062744140625,0.0,0.0,5.0,106.0,405.0,910.0,1465.0,2071.0,2520.0,2718.0,2472.0,1902.0,1186.0,481.0,117.0,26.0,5851,0.35711669921875,0
146.8460693359375,36.060927468951405,44,247,0.00067138671875,0.06292724609375,0.0,0.0,4.0,126.0,442.0,870.0,1413.0,2062.0,2479.0,2734.0,2510.0,1921.0,1196.0,472.0,142.0,13.0,5811,0.35467529296875,0
147.88165283203125,35.247208310089825,42,247,0.00048828125,0.06268310546875,0.0,0.0,5.0,97.0,349.0,863.0,1352.0,2000.0,2583.0,2758.0,2570.0,2033.0,1128.0,498.0,134.0,14.0,5835,0.35614013671875,0
149.82403564453125,35.26506051446067,44,251,0.0003662109375,0.07281494140625,0.0,0.0,4.0,69.0,333.0,769.0,1303.0,1961.0,2463.0,2771.0,2584.0,2103.0,1277.0,585.0,149.0,13.0,5815,0.35491943359375,0
146.47100830078125,35.25925381788271,35,251,0.00103759765625,0.0562744140625,0.0,0.0,11.0,126.0,398.0,876.0,1416.0,2072.0,2535.0,2785.0,2526.0,2021.0,1085.0,428.0,91.0,14.0,5835,0.35614013671875,0
147.201416015625,34.902846576844915,45,250,0.00054931640625,0.05670166015625,0.0,0.0,6.0,82.0,372.0,816.0,1448.0,2035.0,2584.0,2792.0,2554.0,2032.0,1102.0,416.0,128.0,17.0,5969,0.36431884765625,0
147.7576904296875,34.384563682936054,48,253,6.103515625e-05,0.0577392578125,0.0,0.0,0.0,80.0,313.0,793.0,1414.0,2075.0,2628.0,2758.0,2633.0,2016.0,1092.0,463.0,105.0,14.0,5835,0.35614013671875,0
150.56011962890625,34.03268547370447,45,248,6.103515625e-05,0.06964111328125,0.0,0.0,1.0,43.0,254.0,659.0,1292.0,2028.0,2477.0,2846.0,2770.0,2056.0,1292.0,524.0,124.0,18.0,5738,0.3502197265625,0
148.50042724609375,34.61302357761668,36,250,0.00079345703125,0.059814453125,0.0,0.0,8.0,83.0,348.0,754.0,1338.0,2019.0,2522.0,2788.0,2711.0,2093.0,1126.0,470.0,111.0,13.0,5850,0.3570556640625,0
147.37030029296875,35.3344722053814,44,249,0.000732421875,0.061279296875,0.0,0.0,8.0,111.0,397.0,837.0,1419.0,1977.0,2481.0,2769.0,2663.0,1994.0,1136.0,476.0,108.0,8.0,5842,0.3565673828125,0
149.69451904296875,34.56884095368233,43,251,0.00030517578125,0.06488037109375,0.0,0.0,2.0,71.0,315.0,760.0,1284.0,1915.0,2481.0,2809.0,2766.0,2150.0,1220.0,474.0,119.0,18.0,5882,0.3590087890625,0
130.830322265625,39.10569353794464,27,249,0.00860595703125,0.03155517578125,0.0,4.0,92.0,595.0,1158.0,1518.0,1931.0,2258.0,2419.0,2331.0,1874.0,1253.0,633.0,228.0,79.0,11.0,5945,0.36285400390625,0
155.47906494140625,31.251918709919984,53,251,0.0,0.06903076171875,0.0,0.0,0.0,14.0,126.0,393.0,972.0,1654.0,2448.0,3124.0,3182.0,2393.0,1422.0,546.0,107.0,3.0,5710,0.3485107421875,0
151.41168212890625,31.92812114234422,49,251,6.103515625e-05,0.05731201171875,0.0,0.0,0.0,32.0,203.0,539.0,1100.0,1918.0,2656.0,3084.0,2976.0,2190.0,1175.0,414.0,85.0,12.0,5695,0.34759521484375,0
150.76806640625,31.173346076996854,41,250,6.103515625e-05,0.04852294921875,0.0,0.0,1.0,25.0,163.0,526.0,1169.0,1872.0,2767.0,3232.0,2971.0,2150.0,1048.0,362.0,83.0,15.0,5645,0.34454345703125,0
149.52716064453125,30.996079634835695,41,250,0.0001220703125,0.04345703125,0.0,0.0,2.0,21.0,161.0,541.0,1231.0,2071.0,2751.0,3205.0,2937.0,2050.0,1018.0,331.0,57.0,8.0,5733,0.34991455078125,0
150.69451904296875,31.591700280290947,49,254,6.103515625e-05,0.05267333984375,0.0,0.0,0.0,35.0,166.0,511.0,1153.0,2030.0,2735.0,3134.0,2864.0,2158.0,1114.0,384.0,90.0,10.0,5806,0.3543701171875,0
149.36566162109375,31.669872979965366,46,247,0.0001220703125,0.049072265625,0.0,0.0,1.0,52.0,183.0,566.0,1227.0,2014.0,2829.0,3176.0,2827.0,2036.0,1023.0,358.0,84.0,8.0,5763,0.35174560546875,0
150.4090576171875,31.669252573822625,47,252,6.103515625e-05,0.0517578125,0.0,0.0,1.0,30.0,179.0,534.0,1192.0,2017.0,2743.0,3120.0,2874.0,2070.0,1135.0,407.0,73.0,9.0,5805,0.35430908203125,0
151.53436279296875,31.449568475328828,49,250,6.103515625e-05,0.05633544921875,0.0,0.0,0.0,27.0,177.0,493.0,1067.0,1890.0,2822.0,3176.0,2908.0,2138.0,1176.0,404.0,97.0,9.0,5752,0.35107421875,0
151.54693603515625,30.952860677455625,43,249,6.103515625e-05,0.05181884765625,0.0,0.0,1.0,23.0,140.0,483.0,1043.0,1976.0,2780.0,3152.0,3038.0,2168.0,1077.0,410.0,87.0,6.0,5753,0.35113525390625,0
151.71466064453125,30.89764936427004,43,246,6.103515625e-05,0.051513671875,0.0,0.0,1.0,26.0,127.0,466.0,1094.0,1906.0,2772.0,3220.0,2936.0,2270.0,1079.0,394.0,84.0,9.0,5625,0.34332275390625,0
162.5272216796875,28.222199508772654,65,252,0.0,0.08038330078125,0.0,0.0,0.0,0.0,29.0,198.0,563.0,1033.0,1947.0,3217.0,4277.0,2945.0,1275.0,598.0,241.0,61.0,4028,0.245849609375,0
147.8331298828125,28.125472844440587,34,253,0.00042724609375,0.05010986328125,0.0,0.0,4.0,24.0,86.0,242.0,728.0,2506.0,4224.0,3829.0,2315.0,1225.0,615.0,334.0,201.0,51.0,5347,0.32635498046875,0
155.9337158203125,24.64032529861539,74,253,0.0,0.06048583984375,0.0,0.0,0.0,0.0,3.0,26.0,214.0,1248.0,3852.0,4972.0,2976.0,1540.0,881.0,461.0,171.0,40.0,4924,0.300537109375,0
159.334228515625,23.625190874115823,78,252,0.0,0.0643310546875,0.0,0.0,0.0,0.0,2.0,6.0,72.0,756.0,3402.0,5138.0,3550.0,1794.0,921.0,477.0,209.0,57.0,4751,0.28997802734375,0
157.06256103515625,23.032183976221976,63,253,0.0,0.05181884765625,0.0,0.0,0.0,1.0,6.0,17.0,123.0,952.0,3445.0,5427.0,3527.0,1549.0,761.0,356.0,162.0,58.0,4674,0.2852783203125,0
155.9033203125,25.046201034111938,51,252,0.0,0.05804443359375,0.0,0.0,0.0,2.0,6.0,42.0,262.0,1321.0,3728.0,4641.0,3314.0,1601.0,810.0,392.0,205.0,60.0,4950,0.3021240234375,0
157.9287109375,26.62481057184737,51,254,0.0,0.07568359375,0.0,0.0,0.0,3.0,9.0,55.0,265.0,1279.0,3333.0,4498.0,3502.0,1697.0,836.0,509.0,274.0,124.0,5321,0.32476806640625,0
161.98052978515625,24.279471245026684,48,255,6.103515625e-05,0.073974609375,0.0,0.0,0.0,1.0,2.0,26.0,121.0,615.0,2656.0,4912.0,4173.0,2062.0,934.0,516.0,267.0,99.0,5105,0.31158447265625,0
149.6583251953125,27.071821188617267,48,254,6.103515625e-05,0.05364990234375,0.0,0.0,0.0,9.0,25.0,109.0,625.0,2354.0,4200.0,4254.0,2357.0,1165.0,618.0,381.0,217.0,70.0,5254,0.3206787109375,0
150.9521484375,26.82475827509036,64,253,0.0,0.05584716796875,0.0,0.0,0.0,0.0,20.0,72.0,503.0,2189.0,4304.0,4292.0,2440.0,1209.0,662.0,380.0,217.0,96.0,5295,0.32318115234375,0
150.2874755859375,27.93495250854523,37,254,0.00018310546875,0.06396484375,0.0,0.0,2.0,8.0,20.0,109.0,578.0,2248.0,4430.0,4196.0,2284.0,1069.0,627.0,412.0,282.0,119.0,5616,0.3427734375,0
155.19189453125,25.29514340747056,66,253,0.0,0.0609130859375,0.0,0.0,0.0,0.0,5.0,35.0,283.0,1482.0,3658.0,4888.0,3163.0,1372.0,787.0,424.0,207.0,80.0,5271,0.32171630859375,0
169.0699462890625,20.618337349449614,94,252,0.0,0.08001708984375,0.0,0.0,0.0,0.0,0.0,1.0,19.0,146.0,1115.0,4369.0,5426.0,3071.0,1413.0,562.0,220.0,42.0,3770,0.2301025390625,0
169.362060546875,19.836105590865337,96,252,0.0,0.072998046875,0.0,0.0,0.0,0.0,0.0,0.0,11.0,120.0,1016.0,4094.0,5874.0,3151.0,1348.0,533.0,202.0,35.0,3421,0.20880126953125,0
168.7589111328125,21.14778336829875,97,253,0.0,0.0899658203125,0.0,0.0,0.0,0.0,0.0,0.0,14.0,112.0,1124.0,4736.0,5405.0,2666.0,1324.0,677.0,273.0,53.0,3960,0.24169921875,0
166.0675048828125,20.57385250647005,104,250,0.0,0.0718994140625,0.0,0.0,0.0,0.0,0.0,0.0,11.0,118.0,1465.0,5563.0,4846.0,2435.0,1170.0,534.0,207.0,35.0,3564,0.217529296875,0
173.29144287109375,20.433293718958584,94,253,0.0,0.1053466796875,0.0,0.0,0.0,0.0,0.0,1.0,3.0,45.0,580.0,3577.0,5735.0,3640.0,1669.0,741.0,319.0,74.0,3568,0.2177734375,0
174.493408203125,18.157378286407813,114,253,0.0,0.08868408203125,0.0,0.0,0.0,0.0,0.0,0.0,0.0,33.0,268.0,2890.0,6302.0,4309.0,1681.0,653.0,205.0,43.0,2836,0.173095703125,0
170.54132080078125,18.03136174720618,108,250,0.0,0.06805419921875,0.0,0.0,0.0,0.0,0.0,0.0,2.0,35.0,435.0,4092.0,6514.0,3328.0,1255.0,510.0,181.0,32.0,2808,0.17138671875,0
172.80609130859375,19.102112006550566,106,252,0.0,0.0865478515625,0.0,0.0,0.0,0.0,0.0,0.0,1.0,23.0,396.0,3594.0,6349.0,3608.0,1481.0,574.0,266.0,92.0,2475,0.15106201171875,0
170.00030517578125,20.27414798621693,106,252,0.0,0.08544921875,0.0,0.0,0.0,0.0,0.0,0.0,1.0,83.0,758.0,4540.0,5849.0,2917.0,1281.0,587.0,297.0,71.0,3011,0.18377685546875,0
133.534912109375,31.52662335809798,34,254,0.00048828125,0.0379638671875,0.0,0.0,5.0,67.0,326.0,977.0,2430.0,4043.0,3318.0,2259.0,1301.0,756.0,472.0,233.0,141.0,56.0,5732,0.349853515625,0
131.65106201171875,29.89417382218152,43,253,0.0001220703125,0.03411865234375,0.0,0.0,2.0,11.0,143.0,915.0,3071.0,4526.0,3216.0,1852.0,1138.0,682.0,427.0,237.0,122.0,42.0,5559,0.33929443359375,0
142.8092041015625,28.103059554079508,56,254,0.0,0.0447998046875,0.0,0.0,0.0,5.0,45.0,316.0,1228.0,3427.0,4372.0,3319.0,1709.0,911.0,520.0,308.0,154.0,70.0,5529,0.33746337890625,0
151.32586669921875,26.58307015752336,68,253,0.0,0.05255126953125,0.0,0.0,0.0,0.0,7.0,38.0,512.0,2314.0,4192.0,4009.0,2554.0,1380.0,746.0,390.0,176.0,66.0,5627,0.34344482421875,0
158.10369873046875,29.20667867274248,70,254,0.0,0.08819580078125,0.0,0.0,0.0,0.0,7.0,83.0,496.0,1784.0,3070.0,3634.0,3011.0,2108.0,1202.0,616.0,284.0,89.0,5447,0.33245849609375,0
168.8377685546875,27.912533837256056,86,254,0.0,0.1424560546875,0.0,0.0,0.0,0.0,0.0,17.0,148.0,648.0,2229.0,3587.0,3519.0,2729.0,1870.0,1048.0,471.0,118.0,5255,0.32073974609375,0
167.8436279296875,22.20869280387471,97,253,0.0,0.08502197265625,0.0,0.0,0.0,0.0,0.0,0.0,24.0,275.0,1648.0,4295.0,4885.0,2905.0,1436.0,644.0,227.0,45.0,3940,0.240478515625,0
170.777587890625,20.960213208276674,96,253,0.0,0.08929443359375,0.0,0.0,0.0,0.0,0.0,0.0,18.0,145.0,1048.0,3727.0,5510.0,3410.0,1585.0,646.0,250.0,45.0,3508,0.214111328125,0
169.5799560546875,23.168702446294738,58,254,0.0,0.1007080078125,0.0,0.0,0.0,1.0,5.0,19.0,56.0,220.0,1274.0,4333.0,4749.0,3066.0,1555.0,686.0,328.0,92.0,4370,0.2667236328125,0
167.104736328125,21.11443758752547,65,252,0.0,0.0538330078125,0.0,0.0,0.0,0.0,5.0,27.0,112.0,377.0,1376.0,3683.0,5468.0,3654.0,1129.0,380.0,144.0,29.0,3951,0.24114990234375,0
165.1109619140625,20.232830948629385,74,250,0.0,0.0439453125,0.0,0.0,0.0,0.0,1.0,10.0,64.0,397.0,1637.0,4208.0,5559.0,3136.0,920.0,292.0,133.0,27.0,3341,0.20391845703125,0
129.5260009765625,19.253495211401688,59,249,0.0,0.00634765625,0.0,0.0,0.0,2.0,59.0,410.0,1961.0,5239.0,5731.0,2081.0,539.0,202.0,94.0,48.0,16.0,2.0,2946,0.1798095703125,0
171.68304443359375,20.54340668467362,89,251,0.0,0.0789794921875,0.0,0.0,0.0,0.0,0.0,4.0,30.0,151.0,955.0,3403.0,5249.0,4138.0,1652.0,542.0,202.0,58.0,3552,0.216796875,0
151.70343017578125,33.68858341183841,62,254,0.0,0.09490966796875,0.0,0.0,0.0,2.0,53.0,318.0,1266.0,2641.0,3126.0,2824.0,2251.0,1628.0,1152.0,667.0,353.0,103.0,5941,0.36260986328125,0
156.700439453125,29.075041141587505,61,253,0.0,0.0811767578125,0.0,0.0,0.0,1.0,27.0,136.0,561.0,1683.0,3204.0,3849.0,2945.0,1915.0,1144.0,587.0,267.0,65.0,5594,0.3414306640625,0
155.9427490234375,27.94162692640557,39,252,0.0001220703125,0.0623779296875,0.0,0.0,1.0,19.0,61.0,180.0,519.0,1447.0,3129.0,4139.0,3183.0,1992.0,1018.0,466.0,183.0,47.0,5490,0.3350830078125,0
159.5006103515625,18.899979580494154,81,247,0.0,0.027099609375,0.0,0.0,0.0,0.0,0.0,8.0,60.0,504.0,2577.0,5234.0,5204.0,1955.0,573.0,202.0,57.0,10.0,3213,0.19610595703125,0
160.84393310546875,18.923752127664194,96,252,0.0,0.03326416015625,0.0,0.0,0.0,0.0,0.0,0.0,39.0,376.0,2344.0,5271.0,5346.0,2032.0,643.0,236.0,80.0,17.0,2964,0.180908203125,0
167.2957763671875,19.524190392465403,84,251,0.0,0.05023193359375,0.0,0.0,0.0,0.0,0.0,5.0,28.0,202.0,1397.0,4071.0,5544.0,3557.0,1079.0,357.0,118.0,26.0,3316,0.202392578125,0
172.902099609375,18.816657178907082,95,250,0.0,0.0662841796875,0.0,0.0,0.0,0.0,0.0,1.0,11.0,116.0,751.0,2963.0,5279.0,4917.0,1753.0,433.0,144.0,16.0,2459,0.15008544921875,0
172.06005859375,18.784757664244147,91,250,0.0,0.06494140625,0.0,0.0,0.0,0.0,0.0,1.0,23.0,131.0,771.0,2886.0,5887.0,4562.0,1487.0,456.0,164.0,16.0,2173,0.13262939453125,0
167.6160888671875,18.820663068442958,89,249,0.0,0.04644775390625,0.0,0.0,0.0,0.0,0.0,1.0,19.0,185.0,1328.0,3873.0,5838.0,3560.0,1159.0,316.0,87.0,18.0,2404,0.146728515625,0
169.8302001953125,20.79345508739807,70,252,0.0,0.06768798828125,0.0,0.0,0.0,0.0,1.0,0.0,23.0,324.0,1376.0,3104.0,5222.0,4205.0,1475.0,469.0,160.0,25.0,2618,0.1597900390625,0
177.1859130859375,15.619174126277523,87,250,0.0,0.06927490234375,0.0,0.0,0.0,0.0,0.0,3.0,5.0,16.0,169.0,1621.0,5970.0,6016.0,1995.0,468.0,110.0,11.0,1215,0.07415771484375,0
180.845947265625,15.257928848799617,102,249,0.0,0.089599609375,0.0,0.0,0.0,0.0,0.0,0.0,5.0,20.0,83.0,914.0,4914.0,7123.0,2511.0,614.0,172.0,28.0,1353,0.08258056640625,0
169.7930908203125,16.290882650632334,95,248,0.0,0.04620361328125,0.0,0.0,0.0,0.0,0.0,1.0,4.0,35.0,536.0,3626.0,7023.0,3687.0,1075.0,295.0,91.0,11.0,1748,0.106689453125,0
168.86029052734375,18.71325045238584,89,248,0.0,0.0465087890625,0.0,0.0,0.0,0.0,0.0,2.0,12.0,183.0,1166.0,3810.0,5347.0,4057.0,1455.0,301.0,45.0,6.0,1714,0.1046142578125,0
162.7515869140625,19.35381742567981,80,247,0.0,0.03094482421875,0.0,0.0,0.0,0.0,0.0,11.0,83.0,401.0,1876.0,4897.0,5227.0,2722.0,894.0,220.0,49.0,4.0,2516,0.153564453125,0
161.573974609375,19.220976660221844,78,250,0.0,0.0269775390625,0.0,0.0,0.0,0.0,1.0,8.0,64.0,438.0,2174.0,5092.0,4922.0,2655.0,800.0,188.0,36.0,6.0,2448,0.1494140625,0
166.06640625,17.338709413223665,100,244,0.0,0.03375244140625,0.0,0.0,0.0,0.0,0.0,0.0,5.0,121.0,1153.0,4823.0,5825.0,3167.0,1004.0,237.0,43.0,6.0,1416,0.08642578125,0
167.42681884765625,18.644563995686628,91,247,0.0,0.04547119140625,0.0,0.0,0.0,0.0,0.0,3.0,35.0,208.0,1162.0,4020.0,5945.0,3460.0,1149.0,310.0,85.0,7.0,2130,0.1300048828125,0
164.673583984375,18.974872762017235,80,252,0.0,0.03558349609375,0.0,0.0,0.0,0.0,0.0,8.0,59.0,357.0,1486.0,4485.0,5685.0,3028.0,987.0,229.0,58.0,2.0,2598,0.1585693359375,0
165.33984375,17.591608977603453,91,246,0.0,0.03167724609375,0.0,0.0,0.0,0.0,0.0,1.0,12.0,163.0,1345.0,4657.0,6022.0,3034.0,842.0,248.0,51.0,9.0,1684,0.102783203125,0
172.88873291015625,17.466164556155036,101,252,0.0,0.0594482421875,0.0,0.0,0.0,0.0,0.0,0.0,6.0,92.0,570.0,2762.0,5936.0,4906.0,1626.0,380.0,90.0,16.0,1610,0.0982666015625,0
171.904052734375,17.858327784836312,89,248,0.0,0.05035400390625,0.0,0.0,0.0,0.0,0.0,3.0,9.0,116.0,737.0,3043.0,5621.0,4881.0,1543.0,314.0,108.0,9.0,2109,0.12872314453125,0
170.880859375,17.9257594374663,103,250,0.0,0.0491943359375,0.0,0.0,0.0,0.0,0.0,0.0,8.0,99.0,793.0,3421.0,5698.0,4401.0,1556.0,310.0,87.0,11.0,1700,0.103759765625,0
169.984619140625,19.474755989512165,91,245,0.0,0.05389404296875,0.0,0.0,0.0,0.0,0.0,5.0,49.0,238.0,1124.0,3209.0,5318.0,4417.0,1610.0,329.0,77.0,8.0,2260,0.137939453125,0
166.256103515625,18.766040322553984,84,243,0.0,0.031494140625,0.0,0.0,0.0,0.0,0.0,2.0,44.0,305.0,1411.0,4080.0,5465.0,3685.0,1142.0,206.0,40.0,4.0,2047,0.12493896484375,0
163.88604736328125,18.954329765184685,90,243,0.0,0.02764892578125,0.0,0.0,0.0,0.0,0.0,4.0,66.0,386.0,1777.0,4434.0,5360.0,3234.0,909.0,185.0,26.0,3.0,2260,0.137939453125,0
165.7061767578125,19.066193825824623,83,243,0.0,0.0355224609375,0.0,0.0,0.0,0.0,0.0,3.0,45.0,295.0,1565.0,4245.0,5396.0,3434.0,1094.0,255.0,50.0,2.0,2215,0.13519287109375,0
173.81103515625,18.708236308225022,104,250,0.0,0.07440185546875,0.0,0.0,0.0,0.0,0.0,0.0,2.0,109.0,681.0,2828.0,5240.0,4815.0,2109.0,479.0,108.0,13.0,1920,0.1171875,0
172.40521240234375,18.634718513069377,89,249,0.0,0.06158447265625,0.0,0.0,0.0,0.0,0.0,2.0,18.0,153.0,829.0,2857.0,5417.0,4713.0,1934.0,382.0,77.0,2.0,2445,0.14923095703125,0
173.36822509765625,17.768465132040802,110,248,0.0,0.06329345703125,0.0,0.0,0.0,0.0,0.0,0.0,1.0,49.0,617.0,2854.0,5676.0,4714.0,1955.0,424.0,82.0,12.0,1575,0.09613037109375,0
160.53460693359375,18.701343733493385,75,244,0.0,0.02288818359375,0.0,0.0,0.0,0.0,2.0,6.0,92.0,517.0,2150.0,5025.0,5446.0,2395.0,549.0,157.0,43.0,2.0,3064,0.18701171875,0
160.3702392578125,18.357925688576227,86,248,0.0,0.02178955078125,0.0,0.0,0.0,0.0,0.0,8.0,61.0,481.0,2222.0,5135.0,5457.0,2270.0,560.0,133.0,52.0,5.0,3248,0.1982421875,0
161.05157470703125,18.46462421425937,79,247,0.0,0.0205078125,0.0,0.0,0.0,0.0,1.0,8.0,77.0,496.0,2050.0,4901.0,5611.0,2479.0,557.0,161.0,38.0,5.0,3208,0.19580078125,0
174.11968994140625,16.459490043786897,99,253,0.0,0.0546875,0.0,0.0,0.0,0.0,0.0,0.0,3.0,44.0,416.0,2428.0,6059.0,5325.0,1630.0,369.0,96.0,14.0,2340,0.142822265625,0
177.00677490234375,16.709328989881804,100,252,0.0,0.0794677734375,0.0,0.0,0.0,0.0,0.0,0.0,2.0,39.0,285.0,1846.0,5617.0,5768.0,2182.0,499.0,123.0,23.0,2168,0.13232421875,0
170.00396728515625,17.6949257375753,90,251,0.0,0.04803466796875,0.0,0.0,0.0,0.0,0.0,2.0,20.0,137.0,798.0,3309.0,6293.0,4197.0,1197.0,334.0,86.0,11.0,2648,0.16162109375,0
170.1456298828125,17.648329471884004,95,251,0.0,0.04638671875,0.0,0.0,0.0,0.0,0.0,2.0,20.0,148.0,758.0,3274.0,6310.0,4217.0,1222.0,338.0,87.0,8.0,2677,0.16339111328125,0
170.86627197265625,17.10808357335748,90,253,0.0,0.04742431640625,0.0,0.0,0.0,0.0,0.0,1.0,7.0,83.0,674.0,3168.0,6386.0,4406.0,1222.0,351.0,80.0,6.0,2301,0.14044189453125,0
170.8369140625,17.604927889224715,96,252,0.0,0.050537109375,0.0,0.0,0.0,0.0,0.0,0.0,25.0,112.0,734.0,3126.0,6306.0,4304.0,1308.0,368.0,89.0,12.0,2280,0.13916015625,0
167.0125732421875,17.482031459325054,88,246,0.0,0.0350341796875,0.0,0.0,0.0,0.0,0.0,1.0,26.0,152.0,1091.0,4068.0,6368.0,3415.0,933.0,260.0,62.0,8.0,2225,0.13580322265625,0
165.13671875,17.661648355457537,90,248,0.0,0.0302734375,0.0,0.0,0.0,0.0,0.0,2.0,30.0,247.0,1303.0,4498.0,6142.0,3062.0,836.0,206.0,52.0,6.0,2314,0.1412353515625,0
