Feature,Importance
num__targeted_productivity,0.23429255005574995
num__smv,0.10626905765002584
num__incentive,0.09916397932784435
num__team,0.09310873872890418
num__no_of_workers,0.0876236884664782
num__day_of_month,0.08160405895145047
num__over_time,0.07052604358600387
num__wip,0.03439311912913381
cat__department_finishing ,0.025457393094459265
cat__quarter_Quarter4,0.016536869596768533
cat__day_Wednesday,0.016382477487209165
cat__day_Monday,0.015937868708343517
cat__day_Sunday,0.012297526770570447
cat__quarter_Quarter3,0.012074360019976473
cat__quarter_Quarter2,0.01185010044653134
cat__day_Thursday,0.010624190618117525
num__month,0.010172443659043469
num__idle_men,0.01010529079853196
cat__day_Saturday,0.010054012083525524
cat__department_finishing,0.009019316778387776
cat__day_Tuesday,0.008111355240247904
num__idle_time,0.0072741121611709205
cat__department_sweing,0.006535070527312356
cat__quarter_Quarter1,0.00542707819939627
cat__quarter_Quarter5,0.003327511344888304
num__no_of_style_change,0.0018317865699284865
