Feature,Importance,Rank
num__targeted_productivity,0.23747245332974384,1
num__smv,0.11070507501929054,2
num__incentive,0.09956625363210338,3
num__team,0.09826003322736328,4
num__no_of_workers,0.0933224600034538,5
num__over_time,0.08056566677894937,6
num__wip,0.035671631914898354,7
cat__quarter_Quarter4,0.0298023100481425,8
cat__department_finishing ,0.02825866403010314,9
cat__day_Wednesday,0.01974757533024025,10
cat__day_Monday,0.019534938323515723,11
cat__quarter_Quarter2,0.017253023998518732,12
cat__quarter_Quarter1,0.01604962722449639,13
cat__day_Sunday,0.01576668336543839,14
cat__quarter_Quarter3,0.015111999285637839,15
cat__day_Saturday,0.01440556785569633,16
cat__day_Thursday,0.013623811119499625,17
num__idle_men,0.012270641882374506,18
cat__department_finishing,0.010904825077441917,19
cat__day_Tuesday,0.009738858741894545,20
cat__quarter_Quarter5,0.008564203578875686,21
cat__department_sweing,0.006083294260987663,22
num__idle_time,0.005276758286179036,23
num__no_of_style_change,0.002043643685155158,24
